id,İl,İlçe,Mahalle,mahalleid,Ada,Parsel,tapuzeminref,tapualan,Toplam Alan(m2),Toki Hissesi(m2),İmar Durumu,Açıklama,Satış Birim Bedeli,Muhammen Bedel,Satış Bedeli,parselgeom
1,TEKİRDAĞ,SÜLEYMANPAŞA,KARACAKILAVUZ,164647,240,9,140203904,942.96,942.96,942.96,KONUT ALANI,"Ayrık Nizam - 3 Kat
18.Madde Uygulamasına tabidir.",2500,2357400,,"POLYGON ((27.34555528486 41.128984091846, 27.345957993252 41.128703431214, 27.345969963315 41.129013023575, 27.345958458565 41.129094459369, 27.345952657853 41.129110913513, 27.345799825498 41.129055186983, 27.345725779308 41.129082059236, 27.345602569276 41.129111164773, 27.345522556207 41.129151302214, 27.345483838954 41.129142993889, 27.34560847 41.129035189985, 27.34555528486 41.128984091846))"
2,TEKİRDAĞ,SÜLEYMANPAŞA,KARACAKILAVUZ,164647,260,65,140549154,520.53,520.53,520.53,KONUT ALANI,Bitişik Nizam - 3 Kat,5500,2862915,2862915,"POLYGON ((27.3569958937665 41.1299650559135, 27.3570953353364 41.1298455471017, 27.3571465126885 41.1298344581292, 27.3573716720954 41.1299188292768, 27.3571732350105 41.1300998509438, 27.357005396434 41.1300041805505, 27.3569958937665 41.1299650559135))"
3,TEKİRDAĞ,SÜLEYMANPAŞA,KUMBAĞ,164660,380,4,140181505,438.39,438.39,438.39,KONUT ALANI,"Bitişik Nizam, 4 Kat",9250,4055107.5,6500000,"POLYGON ((27.458759382867 40.865154955589, 27.459054571784 40.865204668893, 27.459083164986 40.865193456132, 27.459074455816 40.865333881887, 27.459026562651 40.865365913606, 27.459015415015 40.865359796974, 27.458934848981 40.865318191288, 27.458755036816 40.865227671335, 27.458679627265 40.865189872653, 27.458686513182 40.865083683439, 27.458759382867 40.865154955589))"
4,BİLECİK,BOZÜYÜK,ÇARŞI,41701,85,760,140552768,1533.73,1533.73,1533.73,KONUT ALANI,"Bitişik Nizam, Hmax: 2 Kat",4500,6901785,,"POLYGON ((30.0357239645834 39.8921758505713, 30.0359414462346 39.8925338037453, 30.0359423550252 39.8925351129802, 30.0357170626362 39.8926815715789, 30.0357158289889 39.8926823445874, 30.0353038970689 39.8925751148736, 30.0357239645834 39.8921758505713))"
5,BİLECİK,BOZÜYÜK,TEKKE,41748,338,197,140538536,850.5,850.5,850.5,KONUT ALANI,"Ayrık nizam 2 kat, Taks: 0.40, Kaks:0.80",5500,4677750,,"POLYGON ((30.031542930827 39.9113239641977, 30.0315515273182 39.9113514277617, 30.0314513792942 39.9115182765732, 30.0312847688621 39.9114495649382, 30.0310886573398 39.9113590091344, 30.031243767729 39.9111660883268, 30.031274485388 39.9111618873047, 30.031542930827 39.9113239641977))"
6,BİLECİK,BOZÜYÜK,TEKKE,41748,338,198,140535700,266.07,266.07,266.07,KONUT ALANI,Bitişik nizam 2 kat ,5600,1489992,,"POLYGON ((30.0343719063051 39.9112442296885, 30.0341095012178 39.9111674357802, 30.0341761355573 39.9110733374297, 30.034370957574 39.9111372490833, 30.0344221620883 39.9111544812589, 30.0343719063051 39.9112442296885))"
7,BİLECİK,BOZÜYÜK,YENİ,41805,294,396,140552380,487.22,487.22,487.22,KONUT ALANI,"Ayrık Nizam, 2 kat, Hmax: (6,50m) Taks:0.40, Kaks:0.80",6500,3166930,,"POLYGON ((30.0479031993509 39.9080179577196, 30.0479252720667 39.9080010061914, 30.0483226000591 39.9080186034945, 30.0483469479943 39.9080376339544, 30.0483485112721 39.9080713443934, 30.0482514542534 39.9080900669488, 30.0481341647426 39.9081295896831, 30.0480478638866 39.9081587590282, 30.0479159617009 39.9081700939945, 30.0479139346702 39.9081690126827, 30.0479031993509 39.9080179577196))"
8,BİLECİK,GÖLPAZARI,İSTİKLAL,41393,27,171,140534773,655.84,655.84,655.84,KONUT ALANI, Ayrık Nizam 3 kat Hmax: 9.50 m. Taks: 0.30 Kaks: 0.90,6000,3935040,,"POLYGON ((30.31133152437 40.2791523631868, 30.3113110846225 40.2789165445435, 30.3113440213404 40.278889324057, 30.3113802485825 40.2788890541769, 30.311722975427 40.2791724158797, 30.311699236475 40.2791861787587, 30.311604017041 40.2791905421217, 30.311369084304 40.2791807839837, 30.31133152437 40.2791523631868))"
9,ÇANAKKALE,AYVACIK,HAMDİBEY,157332,587,1,140729811,618.79,618.79,618.79,KONUT ALANI,"E:1,40, Taks:0,35 4 kat
18.Madde uygulamasına tabidir.",,5000000,,"POLYGON ((26.3943003029171 39.6089490998746, 26.3945024463566 39.6089552879975, 26.3945221749103 39.608968768244, 26.394263444053 39.6095190650717, 26.3943003029171 39.6089490998746))"
10,ÇANAKKALE,BAYRAMİÇ,AĞAÇKÖY,38240,0,2570,140731549,1124.67,1124.67,1124.67,GELİŞME KONUT ALANI,"Ayrık Nizam, 3 Kat, TAKS: 0,35 ve KAKS (Emsal): 1,05
18.Madde uygulamasına tabidir.",4200,4723614,,"POLYGON ((26.5986997311585 39.8148753201498, 26.5989663904374 39.8148388112742, 26.5990002130564 39.8148582079036, 26.5990443163527 39.8151494820486, 26.5989425746394 39.8152573148371, 26.5987592645222 39.8152854593143, 26.5986997311585 39.8148753201498))"
11,ÇANAKKALE,BAYRAMİÇ,CAMİKEBİR,151755,16,17,140731703,1094.1,1094.1,1094.1,PLANSIZ ALAN,,2000,2188200,2188200,"POLYGON ((26.6123651698588 39.8170811657278, 26.612369127894 39.8168881481676, 26.612633717001 39.8169994408962, 26.6138110879715 39.8171300569607, 26.6124082437885 39.8171153773982, 26.6123651698588 39.8170811657278))"
12,ÇANAKKALE,BAYRAMİÇ,CAMİKEBİR,151755,16,18,140744527,172.19,172.19,172.19,PLANSIZ ALAN,,2300,396037,880000,"POLYGON ((26.612076390314 39.81711186169, 26.6122521823473 39.8168949380557, 26.6122485461475 39.8170720267419, 26.612193916828 39.8171147850025, 26.6120716746765 39.8171176799137, 26.612076390314 39.81711186169))"
13,ÇANAKKALE,BAYRAMİÇ,TEPECİK,38198,252,160,140731617,321.59,321.59,321.59,KONUT ALANI,"3 kat, TAKS: 0,35 ve KAKS (Emsal): 1,05
18.Madde uygulamasına tabidir.",6000,1929540,2500000,"POLYGON ((26.6179523700713 39.8122064128664, 26.6181709930038 39.812217832339, 26.6182367433958 39.8122212490797, 26.6182177740524 39.8123516629148, 26.6179281286149 39.8123072578814, 26.6179523700713 39.8122064128664))"
14,ÇANAKKALE,BAYRAMİÇ,TEPECİK,38198,497,127,140730660,478.52,478.52,478.52,KONUT ALANI,"3 kat, TAKS: 0,35 ve KAKS (Emsal): 1,05
18.Madde uygulamasına tabidir.",6000,2871120,,"POLYGON ((26.618805709665 39.8129123545179, 26.6188270784264 39.8128924482514, 26.6189895360108 39.8129445806013, 26.6189533232656 39.813082635349, 26.6189338275963 39.8131569589349, 26.6186883753957 39.8131174279195, 26.6186906036917 39.8131092297418, 26.618805709665 39.8129123545179))"
15,ÇANAKKALE,BAYRAMİÇ,TEPECİK,38198,497,128,140731185,53.32,53.32,53.32,KONUT ALANI,"3 kat, TAKS: 0,35 ve KAKS (Emsal): 1,05
18.Madde uygulamasına tabidir.",7000,373240,373240,"POLYGON ((26.6189013424375 39.8132808021443, 26.6190951623504 39.8133127323678, 26.6190841939417 39.8133370868648, 26.6190784455878 39.8133399357, 26.6188941240077 39.81330832091, 26.6189013424375 39.8132808021443))"
16,ÇANAKKALE,BİGA,YENİCEKÖY,205453,1004,9,140729902,598.61,598.61,598.61,KONUT ALANI,"TAKS: 0,35, KAKS (Emsal): 1,05 ve Hmaks: 3 Kat
Parselin yapılaşmaya konu edilebilmesi için bitişiğindeki 8 no.lu parsel ile tevhit edilmesi gerekmektedir.",12150,7273111.5,,"POLYGON ((27.2605748626755 40.2205554648739, 27.2605694369655 40.2205709615582, 27.2600360161561 40.2208830700762, 27.2600151007598 40.2208779802174, 27.2599496996436 40.220718251974, 27.2605748626755 40.2205554648739))"
17,ÇANAKKALE,ÇAN,ATATÜRK,151597,209,488,140745085,513.34,513.34,513.34,KONUT ALANI,"TAKS: 0,40, KAKS (Emsal): 0,80, Ayrık Nizam, 2 Kat
18.Madde uygulamasına tabidir.",3000,1540020,1540020,"POLYGON ((27.0482680615326 40.0391652478884, 27.0486757694403 40.039169765199, 27.0486577277613 40.0393490704396, 27.0486434729803 40.0393491492072, 27.0484544548822 40.0392982687773, 27.0483252276732 40.039262870226, 27.0482444737056 40.0392343547728, 27.0482680615326 40.0391652478884))"
18,ÇANAKKALE,ÇAN,BÜYÜKTEPE,134808,124,3,140742175,846.2,846.2,846.2,GELİŞME KONUT ALANI,"TAKS: 0,35, KAKS (Emsal): 0,70, Ayrık Nizam, 2 Kat
18.Madde uygulamasına tabidir.",2300,1946260,,"POLYGON ((27.05017540532 40.0092451131593, 27.0506429447681 40.0092090480412, 27.0506765954881 40.0093473994848, 27.0510090056034 40.0093686395168, 27.0510101618361 40.0093707122949, 27.0505233947529 40.0094298185048, 27.0504647460377 40.009363990254, 27.0501438641739 40.009356523496, 27.05017540532 40.0092451131593))"
19,ÇANAKKALE,ÇAN,BÜYÜKTEPE,134808,171,1,140733294,209.26,209.26,209.26,GELİŞME KONUT ALANI,"TAKS: 0,35, KAKS (Emsal): 0,70, Ayrık Nizam, 2 Kat
18.Madde uygulamasına tabidir.",2600,544076,544076,"POLYGON ((27.0501937433567 40.0091803389677, 27.0501972038964 40.0091681155263, 27.0503820488466 40.0090484319331, 27.050542793638 40.0091447060692, 27.0505345285983 40.0091540515425, 27.0501937433567 40.0091803389677))"
20,ÇANAKKALE,ÇAN,İSTİKLAL,153183,873,1,140736846,1942.32,1942.32,1942.32,KONUT ALANI,"TAKS: 0,40, KAKS (Emsal): 0,80 ve Hmaks: 2 Kat",,7500000,,"POLYGON ((27.0731261553501 40.0403223984434, 27.0730447209331 40.0401738458893, 27.0730126516252 40.0401307723441, 27.0730330136925 40.0400692635496, 27.0739433450947 40.0402613271335, 27.0739303453851 40.0404920656986, 27.0731261553501 40.0403223984434))"
21,ÇANAKKALE,ÇAN,KARŞIYAKA,206533,553,280,140744060,393.52,393.52,393.52,TİCARET ALANI,"E:0,20 ve Hmax:1 Kat
18.Madde uygulamasına tabidir.",9000,3541680,,"POLYGON ((27.0616931691 40.0297398347218, 27.061936446676 40.0298331103897, 27.061741025584 40.0299395280498, 27.0615857655071 40.030003338151, 27.0616316758 40.0298453808827, 27.0616931691 40.0297398347218))"
22,ÇANAKKALE,ÇAN,KARŞIYAKA,206533,874,1,140744589,555.97,555.97,555.97,TİCARET ALANI,"E:0,20 ve Hmax:1 Kat
18.Madde uygulamasına tabidir.
Taşınmazın ihdası bulunmaktadır.",9000,5003730,,"POLYGON ((27.0618353915725 40.0294953203096, 27.0621050491096 40.0296440268763, 27.062104379957 40.0296664475568, 27.062016290913 40.0297607266968, 27.061975217822 40.0297775333767, 27.061726702081 40.0296821847638, 27.0618353915725 40.0294953203096))"
23,ÇANAKKALE,ÇAN,KARŞIYAKA,206533,875,1,140738932,1478.85,1478.85,1478.85,TİCARET ALANI,"E:0,20 ve Hmax:1 Kat
18.Madde uygulamasına tabidir.
Taşınmazın ihdası bulunmaktadır.",8500,12570225,,"POLYGON ((27.062069938274 40.0297862858717, 27.0621195015324 40.029742083051, 27.062169231941 40.0296818767248, 27.0624313873931 40.0298171099107, 27.0625344939299 40.0298724344247, 27.0626351011776 40.0299304145044, 27.0627330934464 40.0299909834814, 27.0628283580524 40.0300540717101, 27.0629007768004 40.0301054196868, 27.0629041324784 40.0301690595698, 27.0628252670603 40.0302348271418, 27.062792572035 40.0302390511768, 27.062077492206 40.0298190634668, 27.062069938274 40.0297862858717))"
24,ÇANAKKALE,ÇAN,OSMAN EFENDİ,206531,675,18,140733177,1149.61,1149.61,1149.61,GELİŞME KONUT ALANI,"Ayrık Nizam, 3 Kat, TAKS=0.40, KAKS=1.20
18.Madde uygulamasına tabidir.",3300,3793713,,"POLYGON ((27.0559269751996 40.0390695160115, 27.0561666577978 40.0391682323549, 27.0559473303018 40.0394822647946, 27.0558890205103 40.039495295833, 27.0557602565976 40.0393068113243, 27.0556876149539 40.0392534095745, 27.0556763036608 40.0392406819886, 27.0556846589486 40.0392286699559, 27.0557106608765 40.0391912880874, 27.0557866108137 40.0390820978171, 27.055823113122 40.0390271183963, 27.0559269751996 40.0390695160115))"
25,ÇANAKKALE,ÇAN,OSMAN EFENDİ,206531,877,1,140733483,848.08,848.08,848.08,GELİŞME KONUT ALANI,"Ayrık Nizam, 3 Kat, TAKS=0.40, KAKS=1.20
Taşınmazın ihdası bulunmaktadır.",5500,4664440,,"POLYGON ((27.0567925201387 40.0373238539081, 27.0570564221378 40.0373754541705, 27.0570857119767 40.037427511169, 27.0570155761738 40.0376624201588, 27.0567403916501 40.0376177352707, 27.0567217983941 40.0375803457495, 27.0567925201387 40.0373238539081))"
26,ÇANAKKALE,ECEABAT,KEMALPAŞA,37830,609,1,140731618,54.94,54.94,54.94,KONUT ALANI,"Ayrık Nizam, TAKS: 0,40, E: 1,00, Yençok: 9,50 m (3 Kat)
18.Madde uygulamasına tabidir.",9500,521930,1020000,"POLYGON ((26.3548800860228 40.1889104920404, 26.3549683709718 40.1889471861181, 26.3550002661654 40.1890323019899, 26.3549841807371 40.1890541269614, 26.3548764704163 40.1889121608275, 26.3548800860228 40.1889104920404))"
27,ÇANAKKALE,GELİBOLU,BOLAYIR,157362,277,166,140741489,1110.82,1110.82,1110.82,OTEL ALANI,"E=0.45, Yençok=3 Kat
18.Madde uygulamasına tabidir.
Taşınmaz 1/1.000 Ölçekli Koruma Amaçlı Uygulama İmar Planı kapsamında ""Sürdürülebilir Koruma ve Kontrollü Kullanım Alanı"" içerisinde yer almaktadır.",5950,6609379,,"POLYGON ((26.7853786714575 40.5498590301655, 26.7860338750859 40.5500985190841, 26.7860269430368 40.5501250721917, 26.7859982134076 40.5501380767314, 26.7858754349291 40.5501474785744, 26.7858543644575 40.5501456708981, 26.7858020765567 40.5501429098787, 26.785749681552 40.5501418613519, 26.7856972757898 40.5501425272456, 26.7853627345562 40.550152253794, 26.7853149781041 40.5501097643706, 26.7853786714575 40.5498590301655))"
28,ÇANAKKALE,GELİBOLU,BOLAYIR,157362,287,9,140742816,291.15,291.15,291.15,KONUT ALANI,"TAKS=0.25, KAKS=0.50, Yençok=6.50 m
15-16.Madde uygulamasına tabidir.
Taşınmaz 1/1.000 Ölçekli Koruma Amaçlı Uygulama İmar Planı kapsamında ""Sürdürülebilir Koruma ve Kontrollü Kullanım Alanı"" içerisinde yer almaktadır.",6500,1892475,2450000,"POLYGON ((26.78589582824 40.5484080365879, 26.7859213455594 40.5483520187353, 26.7859644693176 40.5483388490798, 26.7861179258998 40.5483989386437, 26.7863908823793 40.5484960616665, 26.7863782659287 40.5485362678354, 26.7862416732598 40.5484999930694, 26.78589582824 40.5484080365879))"
29,BALIKESİR,GÖMEÇ,KEMALPAŞA,205799,959,2,140571232,1349.35,1349.35,1349.35,KONUT ALANI,"Ayrık Nizam, Emsal: 0,30, Taks: 0,15, Yençok: 6,50 (2 Kat)",7500,10120125,,"POLYGON ((26.8185976422641 39.4036712754471, 26.8188860660378 39.4038533756498, 26.8186420728993 39.4041883025923, 26.8183543467197 39.4040176412769, 26.8185976422641 39.4036712754471))"
30,BALIKESİR,HAVRAN,TEKKE,167447,209,142,140535172,596.15,596.15,596.15,TİCARET ALANI,"Ayrık Nizam, Emsal(Kaks): 0,40 ve Yençok: 6,50 (2 Kat)
209 Ada 190 parsel ile şuyuludur.
Taşınmaz üzerinde Düğün Salonu işletmesi olan yapı yer almaktadır.",17000,10134550,,"POLYGON ((27.0815709827954 39.5592862703771, 27.0816501189092 39.5591712691198, 27.0819715092698 39.5594281121412, 27.0818005826545 39.5595492406561, 27.0817461404939 39.5594647314455, 27.0815709827954 39.5592862703771))"
31,BALIKESİR,KARESİ,TOYGAR,205868,10282,9,140552993,384.39,384.39,384.39,KONUT ALANI,"Kaks (Emsal): 0,90, Taks: 0,45, Yençok: 6,50 m. (2 kat)",12000,4612680,,"POLYGON ((27.892783344611 39.680031140216, 27.892989597325 39.680115086901, 27.893180235833 39.680192721424, 27.8931393069203 39.6802127879811, 27.8930496450916 39.6802452617745, 27.8929721412347 39.6802310860149, 27.8929030401793 39.6802034939535, 27.8928193821679 39.6801583320472, 27.892740166867 39.6800958791292, 27.892783344611 39.680031140216))"
32,BALIKESİR,KARESİ,TOYGAR,205868,10283,9,140526104,176.15,176.15,176.15,KONUT ALANI,"Kaks (Emsal): 0,90, Taks: 0,45, Yençok: 6,50 m. (2 kat)",13000,2289950,,"POLYGON ((27.892719087038 39.679994122847, 27.8926738083675 39.6800624634811, 27.8923559767855 39.6798642593415, 27.892347949481 39.679844080516, 27.892512497609 39.6799106037471, 27.892719087038 39.679994122847))"
33,BALIKESİR,MANYAS,BÖLCEAĞAÇ,167624,0,2694,140569773,447.5,447.5,447.5,"PLANSIZ ALAN
(1/100.000 ÇDP Kentsel Gelişme Alanı)",,1850,827875,,"POLYGON ((27.9359896463643 40.0919529247304, 27.9360802434825 40.0920735289989, 27.9360886822335 40.0920841598733, 27.9360964180709 40.0920932593272, 27.9361046231479 40.0921020887, 27.9361132974645 40.0921106479914, 27.9361224409772 40.092119027273, 27.9361319364968 40.0921270463678, 27.9361419012998 40.0921347053094, 27.9361537420953 40.092143265503, 27.9363727371841 40.0922942092806, 27.9363445899591 40.092306571527, 27.9362831005557 40.0923323228004, 27.9362030533427 40.0923145626746, 27.936189302232 40.0922956429079, 27.9358896815627 40.0919976853973, 27.9359896463643 40.0919529247304))"
34,BALIKESİR,MANYAS,BÖLCEAĞAÇ,167624,0,2695,140569883,301.44,301.44,301.44,"PLANSIZ ALAN
(1/100.000 ÇDP Kentsel Gelişme Alanı)",,1850,557664,,"POLYGON ((27.9363411479089 40.0924432338946, 27.9363457446573 40.0924412682788, 27.9363824705203 40.0924523935503, 27.9366897110341 40.0928230337743, 27.9365195210474 40.0927499782769, 27.9363261337979 40.092483905062, 27.9363411479089 40.0924432338946))"
35,BALIKESİR,MANYAS,BÖLCEAĞAÇ,167624,0,2696,140577594,1025.72,1025.72,1025.72,"PLANSIZ ALAN
(1/100.000 ÇDP Kentsel Gelişme Alanı)",,1700,1743724,,"POLYGON ((27.9375523158831 40.0919354922214, 27.9378905192128 40.0924165578807, 27.9377119803135 40.0924845675286, 27.937377457867 40.0920088526122, 27.9375523158831 40.0919354922214))"
36,BALIKESİR,SAVAŞTEPE,CUMHURİYET,167678,857,13,140595170,740.2,740.2,740.2,KONUT ALANI," Ayrık Nizam, TAKS: 0,40, KAKS (Emsal): 1,20 ve Yençok: 9,50 m (3 Kat)",6000,4441200,,"POLYGON ((27.6507770920392 39.3856327016858, 27.6507879977731 39.3857653834519, 27.6504479795507 39.3858457494712, 27.6504394432346 39.3856284395695, 27.6504284445912 39.3853484435878, 27.6504916171898 39.3853478209242, 27.6504971811922 39.3854917190158, 27.6505024984702 39.3856292355858, 27.6507770920392 39.3856327016858))"
37,BALIKESİR,SUSURLUK,KIŞLA,167804,579,7,140538556,1152.29,1152.29,1152.29,KONUT ALANI,"Ayrık Nizam, E: 1,60, Taks: 0,35, Yençok: 12,50 (4 Kat)
Taşınmaz üzerinde yapı/yapılar bulunmaktadır.",10000,11522900,11522900,"POLYGON ((28.1642961719859 39.9094569786485, 28.1644247854417 39.9093904196787, 28.1645309762871 39.9093354644692, 28.1646538623718 39.9092718690164, 28.164730253527 39.9092323352858, 28.1646635368539 39.9095124179749, 28.1642256918037 39.9096926029562, 28.164067093813 39.909575528618, 28.1641784297872 39.9095179113789, 28.1642961719859 39.9094569786485))"
38,AYDIN,KUŞADASI,DAVUTLAR,122153,690,80,140644824,672.43,672.43,672.43,KONUT ALANI,"Ayrık Nizam, TAKS: 0.20, KAKS: 0.40 ve 2 Kat
Taşınmaz üzerinde bir adet yüzme havuzu bulunmakta olup,  sınırları taş duvar ile çevrilidir.",15000,10086450,,"POLYGON ((27.3013558089878 37.7477354820099, 27.3012766130313 37.7475432402309, 27.3015413721928 37.7474283677315, 27.3016456750746 37.7476733079678, 27.3013558089878 37.7477354820099))"
39,AYDIN,KUŞADASI,GÜZELÇAMLI,148535,1122,1,140645583,521.13,521.13,521.13,KONUT ALANI,Ayrık Nizam 2 Kat ,26000,13549380,,"POLYGON ((27.2237655815585 37.7156440154807, 27.2240597967452 37.715763512951, 27.2240105683344 37.7159233173724, 27.2237121249868 37.7158018746808, 27.2237655815585 37.7156440154807))"
40,AYDIN,KUŞADASI,SOĞUCAK,149220,747,1,140646768,856.75,856.75,856.75,KONUT ALANI + YOL,"E: 0.40 ve Yençok: 7.20 m
18.madde uygulamasına tabidir.",12500,10709375,,"POLYGON ((27.2894263412115 37.784168721856, 27.2894006964139 37.7841995411868, 27.28933827374 37.7842400995826, 27.2893013770197 37.7842353329608, 27.2892074296993 37.7837491384241, 27.2891824501768 37.7837385624267, 27.28907174892 37.7836916470561, 27.2892858161783 37.7835950131141, 27.2893462686522 37.7837546520153, 27.2894263412115 37.784168721856))"
41,AYDIN,KUŞADASI,SOĞUCAK,149220,748,1,140647122,872.37,872.37,872.37,KONUT ALANI + YOL,"E: 0.40 ve Yençok: 7.20 m
18.madde uygulamasına tabidir.",12500,10904625,,"POLYGON ((27.288860565433 37.7836023185517, 27.288996146248 37.7833384840174, 27.2889972846523 37.7833369510969, 27.289027301003 37.7832965324956, 27.2892823987989 37.7834038625229, 27.2893000872644 37.7835060835014, 27.2889787600258 37.7836523858236, 27.288860565433 37.7836023185517))"
42,AYDIN,KUŞADASI,TÜRKMEN,152649,3072,1,140646074,418.1,418.1,418.1,TİCARET ALANI,"Yençok: 6,50 m",55000,22995500,22995500,"POLYGON ((27.2689238193293 37.8574219974692, 27.268955520074 37.8573840163121, 27.2692688433093 37.8575353150208, 27.2692755645529 37.8575780655192, 27.2689794776559 37.8576035917347, 27.2689714429486 37.8575751600966, 27.2689335861553 37.8574503837371, 27.2689238193293 37.8574219974692))"
43,AYDIN,KUYUCAK,GİRENİZ(PAMUKÖREN),149376,420,14,140618145,741.34,741.34,741.34,KONUT ALANI,"TAKS:0.25, E= 0.50 ve Hmaks= 6,50m(2 Kat)
15-16 madde uygulamasına tabidir.",3000,2224020,2224020,"POLYGON ((28.544779228415 37.9180381093392, 28.54473757822 37.9179328500122, 28.544699562877 37.9178381699731, 28.544613122673 37.9176455957002, 28.544562414695 37.9175276152102, 28.544641707194 37.9175789042902, 28.544695382853 37.9176183550362, 28.544886416 37.9176733594813, 28.5448678726664 37.9180163816795, 28.544779228415 37.9180381093392))"
44,AYDIN,KUYUCAK,GİRENİZ(PAMUKÖREN),149376,519,1,140619610,90.06,90.06,90.06,KONUT ALANI,"TAKS:0.25, E= 0.50 ve Hmaks= 6,50m(2 Kat)
15-16 madde uygulamasına tabidir.",3500,315210,,"POLYGON ((28.5449162083382 37.9178017057139, 28.5449223285621 37.9176836987444, 28.5450070178983 37.9177080833078, 28.5450242434134 37.9177817659574, 28.5449162083382 37.9178017057139))"
45,AYDIN,KUYUCAK,GİRENİZ(PAMUKÖREN),149376,520,1,140618870,385.33,385.33,385.33,KONUT ALANI,"TAKS:0.25, E= 0.50 ve Hmaks= 6,50m(2 Kat)
15-16 madde uygulamasına tabidir.",3200,1233056,1750000,"POLYGON ((28.5449046922857 37.9180073572034, 28.544915093087 37.9178284084831, 28.545078986748 37.9178011376832, 28.5452098010597 37.9179325746152, 28.5449046922857 37.9180073572034))"
46,AYDIN,KUYUCAK,GİRENİZ(PAMUKÖREN),149376,521,1,140619428,126.42,126.42,126.42,KONUT ALANI,"TAKS:0.25, E= 0.50 ve Hmaks= 6,50m(2 Kat)
15-16 madde uygulamasına tabidir.",3500,442470,,"POLYGON ((28.5452278050102 37.9179068085514, 28.5450992466142 37.9177777381429, 28.5451287680919 37.9177436431846, 28.5451742527061 37.9177562349279, 28.545247543904 37.9177955182792, 28.5452590652821 37.9178620708659, 28.5452278050102 37.9179068085514))"
47,İZMİR,ÇEŞME,DALYAN,125360,9050,1,140619980,1630.05,1630.05,1630.05,"TERCİHLİ TURİZM ALANI + TRAFO ALANI
","Ayrık Nizam, 2 Kat, KAKS: 0.25
 İmar uygulamasının, İzmir 4. İdare Mahkemesinin 2015/1535 Esas ve 2016/1661 Karar sayılı Kararı ile iptal edildiği için imar durumu ve inşaat izni verilemediği, parselin imar uygulamasına tabi olduğu, ancak hangi imar uygulamasına tabi olacağının tam olarak belli değildir.",,25000000,35000000,"POLYGON ((26.3140864843679 38.3709147684066, 26.3137312141211 38.3703901018908, 26.3139730705578 38.3702980984457, 26.3140357463062 38.3703499041452, 26.3143265725182 38.3707556400156, 26.3140864843679 38.3709147684066))"
48,İZMİR,ÇEŞME,DALYAN,125360,9051,1,140620455,609.7,609.7,609.7,TURİZM TESİS ALANI,"E:0,25, H:2 Kat
Taşınmazın yoldan ihdas ve tevhit koşulu bulunmaktadır.",35500,21644350,21644350,"POLYGON ((26.3117331368646 38.3692214175692, 26.3118948362268 38.3691716484444, 26.3121793546656 38.3689726969964, 26.3122400196414 38.369260876912, 26.3117331368646 38.3692214175692))"
49,İZMİR,ÇEŞME,ÜNİVERSİTE,204398,802,27,140620456,1455.77,1455.77,1455.77,GÜNÜBİRLİK TESİS ALANI + YOL,"E: 0.05
18.madde uygulamasına tabidir.",,9900000,14200000,"POLYGON ((26.3124609079392 38.3757017697426, 26.3133767717904 38.375566423608, 26.3133675780088 38.3756552843196, 26.3133617848163 38.3758686633419, 26.3127471343687 38.3757845251253, 26.3124609079392 38.3757017697426))"
50,MUĞLA,BODRUM,ÇİFTLİK,139255,150,131,140708602,571.94,571.94,571.94,KONUT ALANI,"E: 0,20",16000,9151040,11200000,"POLYGON ((27.557934212693 37.0127433559254, 27.557803244762 37.0128972793604, 27.557782821798 37.0129547824254, 27.557757653586 37.0130375279924, 27.557601888524 37.0129593116355, 27.557596068812 37.0129540068985, 27.557591651439 37.0129478936024, 27.557588806161 37.0129412066784, 27.557587642322 37.0129342031015, 27.557588204646 37.0129271520145, 27.557590471523 37.0129203243874, 27.557594355838 37.0129139826014, 27.557760647134 37.0126987720355, 27.557765999587 37.0126931597944, 27.557772614511 37.0126884927794, 27.557780237698 37.0126849503405, 27.557788576194 37.0126826686115, 27.557797309555 37.0126817352784, 27.557806015878 37.0126821677845, 27.557814616125 37.0126840040715, 27.557822524253 37.0126871190094, 27.557934212693 37.0127433559254))"
51,MUĞLA,BODRUM,ÇİFTLİK,139255,206,180,140707523,569.09,569.09,569.09,KONUT ALANI,"E: 0,15",15000,8536350,,"POLYGON ((27.5704855978569 37.0274434701171, 27.570106808127 37.0270416838525, 27.5700955106907 37.0270271785695, 27.5704770312728 37.0271461646263, 27.570474711232 37.0271583518135, 27.570470859172 37.0272030129851, 27.5704716059672 37.027247776816, 27.5704769465556 37.0272923393988, 27.5704868446872 37.0273363981923, 27.57050123317 37.0273796540749, 27.5705175873086 37.0274163652929, 27.5704855978569 37.0274434701171))"
52,MUĞLA,BODRUM,ÇİFTLİK,139255,240,94,140695269,486.69,486.69,486.69,KONUT ALANI,"E:0,40
Taşınmazın cephe genişliğinin dar olması nedeni ile komşu
parselle tevhit yapılması gerekmektedir.",18000,8760420,,"POLYGON ((27.575879527956 37.0339587346795, 27.57586950832 37.0339791463015, 27.575861687436 37.0340001664545, 27.5758597414267 37.0340076757873, 27.5754989585249 37.0340342431003, 27.5754778073727 37.034011343711, 27.575813807754 37.0338499348095, 27.575985283401 37.0337675675599, 27.575879527956 37.0339587346795))"
53,MUĞLA,BODRUM,KARAKAYA,139368,371,2,140730004,1313.61,1313.61,1313.61,KONUT ALANI + YAPI YASAKLI ALAN,"E:0,10
Taşınmaz 3. Derece Doğal Sit Alanında kalmaktadır.",13000,17076930,,"POLYGON ((27.2400220802698 37.0483526455681, 27.2396403428716 37.0485004586129, 27.2392157145877 37.0486649351126, 27.239158018291 37.0486917209268, 27.2391161592944 37.0487144204498, 27.2390715129459 37.0487445140064, 27.2389758580291 37.0488193105249, 27.2389409874125 37.0488481230847, 27.2389117624936 37.0488850336914, 27.2388960215765 37.0489202054398, 27.2388881323754 37.0489498652185, 27.2388847398988 37.0489796061347, 27.2388869931509 37.0490174451087, 27.2390239887018 37.0495131014838, 27.238979170455 37.0495604051125, 27.238897282695 37.0492541264615, 27.238821990925 37.0489721625324, 27.2387630220652 37.0487514333667, 27.2387676540952 37.0487505691888, 27.2392282283211 37.0486186506762, 27.2401734500368 37.0482369019626, 27.2401710783918 37.0482617028604, 27.2401525973289 37.0482830944355, 27.2401327490622 37.0482986320204, 27.2401073893109 37.0483130994055, 27.2400654116518 37.048333637018, 27.2400220802698 37.0483526455681))"
54,MUĞLA,BODRUM,KARAKAYA,139368,372,5,140719509,531.82,531.82,531.82,TURİZM TESİS ALANI + KENTSEL TASARIM ALANI,"Taşınmaz yapılaşamaya kapalı olup, 3. Derece Doğal Sit Alanında kalmaktadır.",13000,6913660,6913660,"POLYGON ((27.237147269754 37.0495244521405, 27.237109768508 37.0494886383414, 27.237224157277 37.0494431539574, 27.237341258881 37.0492138789944, 27.237570448278 37.0491347644564, 27.2379717231 37.0489410565974, 27.238173390156 37.0488320811904, 27.23741606193 37.0492661710355, 27.237270150555 37.0495214529264, 27.237147269754 37.0495244521405))"
55,MUĞLA,BODRUM,KARAKAYA,139368,373,3,140755502,1782.42,1782.42,1782.42,TURİZM TESİS ALANI + KENTSEL TASARIM ALANI,"Taşınmaz yapılaşamaya kapalı olup, 3. Derece Doğal Sit Alanında kalmaktadır.",12500,22280250,22280250,"POLYGON ((27.2380065091166 37.0485899899998, 27.2381617622118 37.0488027867448, 27.238154543361 37.0488081511224, 27.237954468202 37.0489229800635, 27.237560602301 37.0491133393464, 27.237318857023 37.0492035614635, 27.237186878956 37.0494205216754, 27.237105901267 37.0494438385364, 27.236905271121 37.0494524347864, 27.236834485513 37.0495001493564, 27.236537493647 37.0495741703294, 27.2362546519293 37.0495754609487, 27.2361754988026 37.0494284251963, 27.236066405302 37.0493871898583, 27.2360458884743 37.0493640865995, 27.236155067866 37.0493918343284, 27.236308558183 37.0493271395594, 27.236465791106 37.0495064639215, 27.236788134331 37.0494880769894, 27.238101130769 37.0487299573354, 27.2380065091166 37.0485899899998))"
56,MUĞLA,BODRUM,KARAKAYA,139368,458,1,140716575,222.65,222.65,222.65,KONUT ALANI + YAPI YASAKLI ALAN,"E:0,10
Taşınmaz 3. Derece Doğal Sit Alanında kalmaktadır.",13000,2894450,2894450,"POLYGON ((27.2406478567823 37.0482422347199, 27.2405975337008 37.0482515665648, 27.2405845826386 37.0482079824783, 27.2403124864932 37.0482601578617, 27.240318468535 37.0483039361638, 27.2402895731895 37.048302101946, 27.24026413444 37.0482912504396, 27.2402552995092 37.0482698235237, 27.2402558003161 37.0482134584198, 27.24048092199 37.0481732008495, 27.2406220570757 37.0481753982275, 27.2406478567823 37.0482422347199))"
57,MUĞLA,BODRUM,PEKSİMET,138791,101,2,140755626,855.26,855.26,855.26,TURİZM TESİS ALANI,"TAKS:0,15 KAKS:0,30
Taşınmaz 3. Derece Doğal Sit Alanı içerisinde yer almaktadır.",45000,38486700,,"POLYGON ((27.239230289232 37.0369699630984, 27.2393557463764 37.0372756163932, 27.2391456511231 37.0373211317639, 27.2389462583876 37.0370541309017, 27.239182454445 37.0369484336344, 27.239199538374 37.0369483995055, 27.239216301925 37.0369537722734, 27.239230289232 37.0369699630984))"
58,MUĞLA,BODRUM,TÜRKBÜKÜ,139073,109,6,140700038,231.7,231.7,231.7,TURİZM + KONUT ALANI,"TAKS: 0,10 ve KAKS: 0,20",55000,12743500,,"POLYGON ((27.371947212234 37.1438793784514, 27.3717344480284 37.1438506963972, 27.3717970301519 37.1437729072085, 27.3719722258633 37.1437063363486, 27.371947212234 37.1438793784514))"
59,MUĞLA,BODRUM,TÜRKBÜKÜ,139073,112,30,140695307,415.47,415.47,415.47,TURİZM + KONUT ALANI,"TAKS: 0,10 ve KAKS: 0,20",52000,21604440,,"POLYGON ((27.371061147157 37.1400503999114, 27.3711457862116 37.1402636113264, 27.3709860172142 37.1403069420696, 27.370985526393 37.1403061715394, 27.370919062359 37.1402017690724, 27.370890896533 37.1400807576134, 27.371061147157 37.1400503999114))"
60,MUĞLA,BODRUM,TÜRKBÜKÜ,139073,275,9,140693607,1588.59,1588.59,1588.59,KONUT ALANI,"E: 0,20",45000,71486550,,"POLYGON ((27.367464354749 37.1454294639474, 27.367234241833 37.1452802449534, 27.367228891036 37.1451514130354, 27.3672058123 37.1450806629694, 27.3672009952017 37.1450351626918, 27.3678283085585 37.1452470368211, 27.3676366169844 37.1455546804007, 27.3675603397884 37.1455242229254, 27.367530187809 37.1454965672254, 27.367464354749 37.1454294639474))"
61,MUĞLA,BODRUM,YENİKÖY,122420,1059,7,140716481,365.58,365.58,365.58,TİCARET ALANI,"TAKS: 0,20 ve KAKS: 0,40",80000,29246400,,"POLYGON ((27.405993732907 37.0425962105794, 27.4059325513218 37.0426312394446, 27.4058523096736 37.042631829184, 27.4058033815586 37.0426041456063, 27.405775100511 37.0425644862044, 27.405760264575 37.0425230360435, 27.40574913828 37.0424781618844, 27.405752399837 37.0424413077774, 27.406013746429 37.0424839364734, 27.405993732907 37.0425962105794))"
62,MUĞLA,BODRUM,YENİKÖY,122420,1063,6,140707558,400.12,400.12,400.12,KONUT ALANI,"TAKS: 0,15 ve KAKS: 0,30",45000,18005400,,"POLYGON ((27.405796286179 37.0438532124504, 27.405602844495 37.0435251231055, 27.4057082487953 37.0434712816241, 27.4057135480465 37.0434758851891, 27.4057807496929 37.0435338197605, 27.4057972168739 37.0436080248362, 27.405796409214 37.0436226259234, 27.40583945219 37.0438407788075, 27.405796286179 37.0438532124504))"
63,MUĞLA,BODRUM,YENİKÖY,122420,1202,14,140715750,485.64,485.64,485.64,KONUT ALANI," TAKS: 0,20 ve KAKS: 0,40 ",40000,19425600,,"POLYGON ((27.412121317911 37.0472007794781, 27.4122138765243 37.0470799908473, 27.4123046224454 37.0470015637108, 27.412460503359 37.0469321981973, 27.412467730066 37.0469492222714, 27.41253742992 37.0470141881544, 27.412504558747 37.0470270606824, 27.412378823226 37.0471053011894, 27.412282820854 37.0471659961704, 27.41220557622 37.0472140832895, 27.412123476655 37.0472686545074, 27.412065735735 37.0473010937328, 27.4120687357922 37.0472956792616, 27.412121317911 37.0472007794781))"
64,AMASYA,MERKEZ,HELVACI,126977,365,108,140767619,532.16,532.16,532.16,KONUT ALANI,"E:1,50 Taks: 0,30, Yençok :10 kat
 (18. Madde Uygulamasına Tabidir.)",6365,3387198.4,3387198.4,"POLYGON ((35.8183988829492 40.6166704723026, 35.8187309873516 40.6168123783138, 35.8182708976977 40.6168839666084, 35.8182383542494 40.6168592621847, 35.8182310491104 40.6168527345507, 35.8182237569554 40.6168430027848, 35.8182190438514 40.6168312303448, 35.8182184265994 40.6168154575187, 35.8182242972254 40.6167996501008, 35.8182308510874 40.6167910450768, 35.8182396936124 40.6167833173608, 35.8183988829492 40.6166704723026))"
65,AMASYA,MERKEZ,HELVACI,126977,365,109,140767753,1336.33,1336.33,1336.33,KONUT ALANI,"E:1,50 Taks: 0,30, Yençok :10 kat
 (18. Madde Uygulamasına Tabidir.)",6300,8418879,,"POLYGON ((35.8167978262541 40.6172287018135, 35.81689996645 40.6176417297978, 35.8168299549587 40.6176932815491, 35.8167724959898 40.617695905371, 35.8164134476994 40.6173196693847, 35.8164187131984 40.6172965110317, 35.8166717334163 40.6171468232313, 35.8167869069031 40.6172361358633, 35.8167978262541 40.6172287018135))"
66,AMASYA,MERKEZ,HELVACI,126977,365,110,140767770,276.7,276.7,276.7,KONUT ALANI,"E:1,50 Taks: 0,30, Yençok :10 kat
 (18. Madde Uygulamasına Tabidir.)",6425,1777797.5,2400000,"POLYGON ((35.8170348355074 40.6174576837117, 35.8169650002176 40.6171752893231, 35.817156101489 40.6173606328651, 35.8172193818015 40.6173930643057, 35.8171048197354 40.6174754168408, 35.8170348355074 40.6174576837117))"
67,AMASYA,MERKEZ,HELVACI,126977,365,111,140767824,427.29,427.29,427.29,KONUT+TİCARET ALANI," E:1,50, 0,30 Yençok: 5 kat
 (18. Madde Uygulamasına Tabidir.)",6930,2961119.7,,"POLYGON ((35.8159032699679 40.6175247863651, 35.8155281873629 40.6172219203355, 35.815520676737 40.6171624196932, 35.8159954596556 40.6174366372459, 35.8160077383234 40.6174657923578, 35.8159032699679 40.6175247863651))"
68,AMASYA,MERKEZ,İHSANİYE,126982,698,16,140767593,759.9,759.9,759.9,KONUT ALANI,"Ayrık Nizam, 3 Kat, TAKS: 0,40",23000,17477700,,"POLYGON ((35.8318142484569 40.667562887089, 35.8318262584579 40.6675368796968, 35.832115689042 40.667615825794, 35.8322604639484 40.6676552086054, 35.8322244377439 40.667731880145, 35.8320437698882 40.6677630454631, 35.8318803125646 40.6677693813437, 35.8317587249658 40.6677740670286, 35.831718406677 40.6677701360608, 35.8318142484569 40.667562887089))"
69,AMASYA,MERKEZ,İHSANİYE,126982,1242,7,140767620,295.33,295.33,295.33,KONUT ALANI,"Bitişik Nizam, 3 Kat
Taşınmaz tek başına yapılaşma hakkı bulunmamakta olup, yapılaşma şartlarını sağlaması için 15-16 madde uygulaması görmesi gerekmektedir.
Taşınmaz üzerinde çocuk parkı bulunmaktadır.",22000,6497260,,"POLYGON ((35.8320938374579 40.667313235073, 35.8323366905307 40.6673265911083, 35.8322733806599 40.6674743598712, 35.8320487033704 40.6674185086174, 35.8320938374579 40.667313235073))"
70,BARTIN,AMASRA,KALEŞAH,51527,199,5,140702896,1077.92,1077.92,1077.92,KONUT ALANI,"TAKS: 0,30 - KAKS/Emsal: 1,20 - Yençok: 4 Kat",14000,15090880,15090880,"POLYGON ((32.3891431962811 41.7395694887391, 32.389236051479 41.7395593362549, 32.3895395341942 41.7395134672418, 32.3898740296245 41.7394629105186, 32.389874606405 41.739618965439, 32.3892476557 41.739713736776, 32.3891449888927 41.7397215818599, 32.3891373463044 41.7397156861939, 32.3891266681726 41.7397074488381, 32.389119217516 41.7395910245211, 32.3891431962811 41.7395694887391))"
71,ZONGULDAK,KOZLU,ESENKÖY,204070,115,3,140405218,892.68,892.68,892.68,TİCARET+KONUT ALANI," Emsal: 1,50 - Yençok: 5 Kat",11000,9819480,9819480,"POLYGON ((31.692878354586 41.410232154746, 31.692630614265 41.410121656241, 31.692762293521 41.409954424577, 31.692813315774 41.409920880577, 31.692847244716 41.40990478945, 31.692887298522 41.409901209682, 31.692982261818 41.409941365675, 31.693031986653 41.409964237159, 31.693079351263 41.409989790673, 31.693107317991 41.410007350863, 31.693151015494 41.410042124554, 31.692878354586 41.410232154746))"
72,ZONGULDAK,KOZLU,KOZLU GÜNEY,130535,33,506,140358673,809.01,809.01,809.01,YERLEŞİK KONUT ALANI,"Emsal: 0,75 – Hmax:9,50, 3 Kat
Taşınmaz üzerinde tek katlı atıl durumda prefabrik yapı bulunmaktadır.",8500,6876585,6876585,"POLYGON ((31.755836464668 41.433677536892, 31.755756124489 41.43360329888, 31.755617546187 41.433542774791, 31.755615412815 41.433510950004, 31.755604198844 41.433344235179, 31.755604005035 41.433341346991, 31.755647674721 41.433330914605, 31.755693068378 41.433327731613, 31.755733700695 41.433340384811, 31.75578327622 41.433368175554, 31.755929700867 41.433456496642, 31.75597065599 41.433491581973, 31.756005022387 41.433533542918, 31.756009094823 41.43353945407, 31.755954510788 41.433662479299, 31.755928138501 41.43365587923, 31.755905396591 41.433652454768, 31.755884026544 41.433656537694, 31.755854244768 41.433663832885, 31.755836464668 41.433677536892))"
73,ZONGULDAK,KOZLU,KOZLU GÜNEY,130535,468,3,140359298,717.56,717.56,717.56,YERLEŞİK KONUT ALANI,"Emsal: 0,75 – Hmax:9,50, 3 Kat
Taşınmaz üzerinde tek katlı atıl durumda prefabrik yapı bulunmaktadır.",8500,6099260,6099260,"POLYGON ((31.755996414619 41.4334299161, 31.75597118799 41.433423832906, 31.755763455845 41.433300935432, 31.755720318947 41.433287502293, 31.75567654677 41.433283681345, 31.755635714578 41.433286544486, 31.755600885888 41.433294864823, 31.755599312518 41.433270771367, 31.755597197912 41.433239226295, 31.755695866857 41.433097764709, 31.75569857312 41.433093905546, 31.755928200013 41.43314312886, 31.755980994639 41.433161826999, 31.755996414619 41.4334299161))"
74,KASTAMONU,MERKEZ,BUDAMIŞ,130341,154,17,140726867,526.42,526.42,526.42,KONUT ALANI," E: 2.10, Yençok: 10 Kat",,7500000,7500000,"POLYGON ((33.7629058670211 41.3358657656705, 33.7629134078348 41.3361228687608, 33.7627471498216 41.3361258619621, 33.7624920315956 41.3361306143967, 33.7628683789054 41.3358779895197, 33.7629058670211 41.3358657656705))"
75,KASTAMONU,MERKEZ,BUDAMIŞ,130341,199,9,140716472,1352.32,1352.32,1352.32,KONUT ALANI,"E: 1.50, Yençok: 10 Kat",9500,12847040,12847040,"POLYGON ((33.7625248063861 41.3503258441942, 33.7621587404442 41.3504214300938, 33.7620841134701 41.3503782375972, 33.7621163322516 41.350044997561, 33.7622422577624 41.3499289668875, 33.7623301006192 41.3499104675532, 33.7625248063861 41.3503258441942))"
76,SAMSUN,19 MAYIS,BALLICA,157434,416,6,140750248,532.71,532.71,532.71,KONUT ALANI,"Ayrık Nizam 4 Kat, TAKS: 0,30 Kaks: 1,20 ",10000,5327100,,"POLYGON ((36.104728354691 41.4996514731629, 36.1044692948517 41.4998948713003, 36.1043182122958 41.4998190556728, 36.1045867505526 41.4995667559257, 36.104728354691 41.4996514731629))"
77,SAMSUN,19 MAYIS,DEREKÖY/MERKEZ,204109,1539,1,140749196,152.23,152.23,152.23,KONUT ALANI,"Ayrık Nizam 2 Kat, Taks:0,25, Kaks:0,50
Taşınmaz minimum parsel büyüklüğünü sağlamaması nedeniyle tek başına yapılaşamamaktadır.",10800,1644084,2500000,"POLYGON ((36.1185100250181 41.4829643119608, 36.1184150947112 41.4831577747424, 36.1183390606064 41.4831355418942, 36.1184386000798 41.4829422485666, 36.1185100250181 41.4829643119608))"
78,SAMSUN,ATAKUM,BALAÇ,123594,9318,31,140732842,541.88,541.88,541.88,TİCARET ALANI (T1),"Taks:0.60, Yençok=2 Kat ",30000,16256400,30000000,"POLYGON ((36.258065808127 41.3231914184418, 36.2579003217105 41.3230994530374, 36.2578002070458 41.3230567283135, 36.2576407404154 41.3230066101771, 36.2577126593612 41.3229507362332, 36.257747525672 41.3229242512599, 36.2581548930438 41.3230397570874, 36.258065808127 41.3231914184418))"
79,SAMSUN,ATAKUM,ÇOBANLI,123609,12982,35,140747153,1153.53,1153.53,1153.53,KONUT ALANI," Taks:0.25, E:0.90
İmar uygulamasına tabidir.",14000,16149420,20800000,"POLYGON ((36.242287596695 41.3336122517198, 36.242551308642 41.3337477486058, 36.242666546323 41.3338069580969, 36.242675717095 41.3338517253769, 36.242474714545 41.3340359879088, 36.242128786752 41.3338582482169, 36.242287596695 41.3336122517198))"
80,SAMSUN,ATAKUM,ÇOBANLI,123609,12982,36,140746244,665.04,665.04,665.04,KONUT ALANI," Taks:0.25, E:0.90
İmar uygulamasına tabidir.",14300,9510072,,"POLYGON ((36.244645500105 41.3324589856779, 36.244727837446 41.3323834946378, 36.244944602693 41.3321847521748, 36.24507797518 41.3322893311589, 36.245039874076 41.3323657733728, 36.244970905452 41.3325141275628, 36.244821448769 41.3324784293319, 36.244666086789 41.3324607516449, 36.244645500105 41.3324589856779))"
81,SAMSUN,ATAKUM,ÇOBANLI,123609,12982,37,140745793,528.89,528.89,528.89,KONUT ALANI," Taks:0.25, E:0.90
İmar uygulamasına tabidir.",14300,7563127,,"POLYGON ((36.2442589201792 41.3319790464415, 36.244234021781 41.3319214242299, 36.2441479356671 41.331560065637, 36.2444028462187 41.3317599492953, 36.2444785175688 41.3318192853134, 36.2442589201792 41.3319790464415))"
82,SAMSUN,ATAKUM,İNCESU,123621,223,14,140734162,718.73,718.73,718.73,KONUT ALANI,"A-2/ Taks:0,20- Kaks:0,45",17000,12218410,,"POLYGON ((36.204831573916 41.3857004892039, 36.204694281399 41.3855748395349, 36.204672653953 41.3855551138479, 36.204514690585 41.3854106389729, 36.2046635831317 41.3853052083262, 36.2049876824151 41.3856023865973, 36.2048368984428 41.3856971431339, 36.204831573916 41.3857004892039))"
83,SAMSUN,ATAKUM,İNCESU,123621,6782,5,140734794,1842.62,1842.62,1842.62,KONUT ALANI,"Taks:0,25/ E:1.25-Yençok:5 Kat
İmar uygulamasına tabidir.",6200,11424244,11424244,"POLYGON ((36.1878845808718 41.3769408876106, 36.188673657516 41.3768752157048, 36.188583585253 41.3770921574429, 36.1884967628635 41.3771378553984, 36.1879104800666 41.377187254549, 36.18779443642 41.3771796389328, 36.187750251101 41.3771613411414, 36.1878845808718 41.3769408876106))"
84,SAMSUN,ATAKUM,İNCESU,123621,6783,4,140733350,735.13,735.13,735.13,KONUT ALANI,"Taks:0,25/ E:1.25-Yençok:5 Kat
İmar uygulamasına tabidir.",6500,4778345,4778345,"POLYGON ((36.188826099263 41.3760241971679, 36.1888160570884 41.3761198823642, 36.1887929269455 41.3761591935604, 36.188221630889 41.3761580841164, 36.1882391845531 41.3760230575249, 36.188826099263 41.3760241971679))"
85,SAMSUN,ATAKUM,İNCESU,123621,6786,6,140733759,569.45,569.45,569.45,KONUT ALANI,"E:0,10 Yençok:3.50 m",6000,3416700,,"POLYGON ((36.1910734129205 41.3753345022763, 36.191241843278 41.3753268354418, 36.191247121711 41.3756023560629, 36.19095701735 41.3755933103508, 36.1910734129205 41.3753345022763))"
86,SAMSUN,ATAKUM,İNCESU,123621,6852,3,140736448,960.41,960.41,960.41,KONUT ALANI,"Taks:0,25/ E:1.25-Yençok:5 Kat
İmar uygulamasına tabidir.",6500,6242665,,"POLYGON ((36.1906906941091 41.3784508929301, 36.1906088382204 41.3779665961596, 36.190666920574 41.3779423753178, 36.191036502622 41.3784177347808, 36.1906906941091 41.3784508929301))"
87,SAMSUN,ATAKUM,KAMALI,123608,12023,10,140733194,1922.12,1922.12,1922.12,KONUT ALANI,"Ayrık Nizam 5 Kat, TAKS: 0,20 E:1,00 ",10000,19221200,,"POLYGON ((36.23366464554 41.3174900739109, 36.233422436082 41.3177129520049, 36.232867377446 41.3173700944469, 36.233109887365 41.3171474027098, 36.23366464554 41.3174900739109))"
88,SAMSUN,BAFRA,BAHÇELER,154781,1367,6,140747537,236.33,236.33,236.33,KONUT ALANI,"İkiz Nizam 5 Kat Taks:0,40
18.Madde Uygulamasına tabidir.",5500,1299815,,"POLYGON ((35.879333107958 41.5539697990419, 35.879342053264 41.5541294407869, 35.879327373111 41.5541210853909, 35.879203294449 41.5537774367689, 35.879228785247 41.553752811255, 35.879321023432 41.5537539095679, 35.879333107958 41.5539697990419))"
89,SAMSUN,BAFRA,BAHÇELER,154781,2611,1,140745682,439.21,439.21,439.21,KONUT ALANI,"İkiz Nizam 5 Kat Taks:0,40
18.Madde Uygulamasına tabidir.",5500,2415655,2415655,"POLYGON ((35.8795602547485 41.5547661033096, 35.8795871576615 41.5547391955276, 35.8797346329722 41.5547372010359, 35.8797510237223 41.5551397494668, 35.8797261672041 41.5551401026293, 35.879687412689 41.5551182306429, 35.8795602547485 41.5547661033096))"
90,SAMSUN,BAFRA,BAHÇELER,154781,2612,1,140745760,1728.69,1728.69,1728.69,KONUT ALANI,"İkiz Nizam Kısmen 4 Kısmen 5 Kat Taks:0,40
18.Madde Uygulamasına tabidir.",5000,8643450,,"POLYGON ((35.8803416236866 41.55377404865, 35.8803446663515 41.5541367244903, 35.8803411755578 41.5541394153505, 35.879888198541 41.5541426156115, 35.8798544899466 41.5541172564717, 35.8798405259368 41.553774104241, 35.8798638124072 41.5537604544281, 35.880326461809 41.5537659916699, 35.8803416236866 41.55377404865))"
91,SAMSUN,CANİK,DÜVECİK,123579,6033,24,140744180,2001.6,2001.6,2001.6,KONUT ALANI,"E:1,40, Yençok:10 Kat",16500,33026400,,"POLYGON ((36.3265220083032 41.2510973933721, 36.3264694774731 41.2510725960894, 36.326453952135 41.2510471025401, 36.326602639964 41.2503057118853, 36.3266773897487 41.2502811855487, 36.327027692685 41.2504621913868, 36.326757188289 41.2507641667328, 36.326799447002 41.2507852485679, 36.3265220083032 41.2510973933721))"
92,SAMSUN,CANİK,HACIİSMAİL,123571,1572,14,140733356,350.69,350.69,350.69,KONUT ALANI,Blok Nizam 4 Kat,9500,3331555,3331555,"POLYGON ((36.343159524985 41.2607561622318, 36.343104894707 41.2607701405059, 36.3430288466 41.2605913004388, 36.343040297316 41.2605874450209, 36.343159198975 41.2605467321748, 36.343218709337 41.2605263306288, 36.343274864299 41.2607264371588, 36.343159524985 41.2607561622318))"
93,SAMSUN,ÇARŞAMBA,ALİ FUAT BAŞGİL,204611,423,7,140731027,190.16,190.16,190.16,KONUT ALANI,"Ayrık Nizam, 4 Kat, Taks:0,30, Kaks:1,20
Taşınmaz üzerinde ahşap baraka bulunmaktadır.",7500,1426200,,"POLYGON ((36.69782189538 41.1866309381619, 36.6978833499099 41.186703501563, 36.6976822036467 41.1867995200986, 36.697621523327 41.1867273001748, 36.69782189538 41.1866309381619))"
94,SAMSUN,ÇARŞAMBA,BAFRACALI,152105,1792,1,140733196,424.42,424.42,424.42,KONUT ALANI,"E:2,00, Yençok: 7 Kat
18.Madde Uygulamasına tabidir.",5500,2334310,3200000,"POLYGON ((36.730623644334 41.2069507677309, 36.7303868378904 41.2069278555733, 36.7304715144247 41.2066568363722, 36.7304781734452 41.2066366543797, 36.730529945115 41.2066990435488, 36.730592717636 41.2067945733938, 36.730655613458 41.2069202402889, 36.730623644334 41.2069507677309))"
95,SAMSUN,ÇARŞAMBA,KİRAZLIKÇAY,14994,1741,15,140732174,1006.83,1006.83,1006.83,TİCARET ALANI,"E:1,30, Yençok: 2 Kat
Taşınmazın ihdası bulunmaktadır.",8000,8054640,8054640,"POLYGON ((36.717635926061 41.1780673780178, 36.7176441747449 41.1780309232784, 36.7176548269005 41.178035088882, 36.7177837717774 41.1782312081178, 36.7176758625836 41.1787220093823, 36.717494508655 41.1786923605129, 36.717635926061 41.1780673780178))"
96,SAMSUN,ÇARŞAMBA,ORTA,151742,216,17,140731704,448.18,448.18,448.18,KONUT ALANI,"E:2,00, Yençok: 7 Kat 
Taşınmazın uygulama görmesi gerekmekte olup, tek başına
yapılaşma hakkı bulunmamaktadır.",7000,3137260,,"POLYGON ((36.73817917163 41.2044198322159, 36.7381546999424 41.2045363963018, 36.7377968659791 41.2041775865271, 36.7378960603612 41.2041208321977, 36.73817917163 41.2044198322159))"
97,SAMSUN,ÇARŞAMBA,ÜÇKÖPRÜ,204580,1022,229,140732278,438.8,438.8,438.8,KONUT ALANI,"Ayrık Nizam 4 Kat Taks:0,30, Kaks:1,20 ",5800,2545040,,"POLYGON ((36.6916243043233 41.188562821202, 36.6914971720713 41.1884190357464, 36.6914971848882 41.1883852700342, 36.6917122516089 41.1883100030159, 36.6918138503643 41.1884970434658, 36.6916243043233 41.188562821202))"
98,SAMSUN,ÇARŞAMBA,ÜÇKÖPRÜ,204580,1022,230,140731737,443.86,443.86,443.86,KONUT ALANI,"Ayrık Nizam 4 Kat Taks:0,30, Kaks:1,20 ",5800,2574388,,"POLYGON ((36.6920569217953 41.1884125486733, 36.692173897176 41.188601303037, 36.6919678992971 41.1886746412013, 36.6918500906141 41.1884843557233, 36.6920228274487 41.1884244265832, 36.6920569217953 41.1884125486733))"
99,SAMSUN,HAVZA,19 MAYIS,153011,629,9,140734977,638.31,638.31,638.31,KONUT ALANI,"Ayrık Nizam, 3 Kat",8000,5106480,5106480,"POLYGON ((35.6754154065524 40.9756899559406, 35.6757839104676 40.9756566610345, 35.6758354695653 40.9758813605394, 35.6757581669122 40.9759213247305, 35.6756842623542 40.9758878827026, 35.6754657700891 40.9757775233121, 35.6754191736307 40.9757216161969, 35.6754154065524 40.9756899559406))"
100,SAMSUN,HAVZA,MEMDUHİYE,155285,668,12,140736721,189.59,189.59,189.59,KONUT ALANI,"Ayrık Nizam, 2 Kat",7000,1327130,1550000,"POLYGON ((35.6714769898823 40.9578049784828, 35.6714912584292 40.9578260900453, 35.6715362262474 40.9578926373938, 35.6713581040605 40.957972642562, 35.6712947286558 40.9578920940283, 35.6714769898823 40.9578049784828))"
101,SİNOP,BOYABAT,ESENTEPE,153356,630,3,140754370,318.66,318.66,318.66,KONUT ALANI,"A-3, Taks:0.40-Kaks:1.20",10500,3345930,,"POLYGON ((34.7929135236455 41.4603821945698, 34.792956968181 41.4603769690268, 34.7932009448779 41.4605708710423, 34.7930441668172 41.4606204936089, 34.7929900723461 41.4606376047915, 34.7929135236455 41.4603821945698))"
102,SİNOP,BOYABAT,ESENTEPE,153356,813,21,140754661,1683.82,1683.82,1683.82,KONUT ALANI,"A-3, Taks:0.30-Kaks:0.90",8500,14312470,,"POLYGON ((34.7997572449164 41.4578894366398, 34.7999025741893 41.4580306751313, 34.7996612728029 41.4581693071656, 34.7995617954341 41.4581968928002, 34.7993464855512 41.4582048871161, 34.799309246994 41.4581792300343, 34.7992939404956 41.4578798673395, 34.7993284432653 41.4578519914597, 34.7994359624452 41.4578493322957, 34.7994704388357 41.4578292942587, 34.7996121557021 41.4577484680305, 34.7997572449164 41.4578894366398))"
103,SİNOP,BOYABAT,ESENTEPE,153356,814,20,140754990,1238.4,1238.4,1238.4,KONUT ALANI,"A-3, Taks:0.30-Kaks:0.90",8500,10526400,,"POLYGON ((34.7996034300263 41.4572224657256, 34.7996653792311 41.4571777447332, 34.7998461281497 41.4573064633946, 34.7998180082775 41.4573232137355, 34.7997037337097 41.4573911156255, 34.799851335601 41.4575320837336, 34.7996033611397 41.4576737019655, 34.7995730650007 41.4576687922353, 34.7993718748458 41.4573863995611, 34.7993791633056 41.4573591930118, 34.7996034300263 41.4572224657256))"
104,SİNOP,BOYABAT,ESENTEPE,153356,817,13,140751775,1682.02,1682.02,1682.02,KONUT ALANI,"A-3, Taks:0.30-Kaks:0.90",8500,14297170,,"POLYGON ((34.7984971593726 41.4570107264562, 34.7983299049191 41.4571232861471, 34.7982722109637 41.4571279766969, 34.7978030223963 41.4569248994434, 34.7977963155321 41.4569215220535, 34.7977902769877 41.4569174937223, 34.7977850175783 41.456912888375, 34.797780633821 41.456907790526, 34.7977772061634 41.4569022937275, 34.7977747975073 41.4568964988532, 34.7977734520546 41.4568905122468, 34.7977731944957 41.4568844437703, 34.7977761197278 41.4568231155952, 34.7977766041711 41.456818791624, 34.7977776398162 41.4568145612788, 34.7977792169742 41.4568103488958, 34.7977813210537 41.4568063085951, 34.7977839324801 41.4568024394778, 34.7977870269861 41.4567987774988, 34.7977905758152 41.4567953566879, 34.7977945459889 41.4567922088338, 34.7980162024046 41.4566344585249, 34.7982567998937 41.4568226827512, 34.7984971593726 41.4570107264562))"
105,SİNOP,BOYABAT,ESENTEPE,153356,830,9,140752319,971.95,971.95,971.95,KONUT ALANI,"E:1.50, Yençok:5 Kat",10500,10205475,,"POLYGON ((34.7854737040357 41.4543425660279, 34.7857087369116 41.4542702630699, 34.7857002333897 41.4541478195979, 34.7857273920346 41.4540234843249, 34.7857379204686 41.4539753167829, 34.785842038161 41.4540300529897, 34.7859696124969 41.4540971227196, 34.7861025724539 41.4541669831716, 34.7859488007699 41.4542866411295, 34.7855030757524 41.4544185713674, 34.7854737040357 41.4543425660279))"
106,SİNOP,BOYABAT,ESENTEPE,153356,852,9,140754448,1047.8,1047.8,1047.8,KONUT ALANI,"A-3, Taks:0.30-Kaks:0.90",8500,8906300,,"POLYGON ((34.797239377655 41.4576640827734, 34.7972597668784 41.4578531479823, 34.7969885939951 41.457866542264, 34.7969563952986 41.4578434077785, 34.7969209204184 41.4575131472216, 34.796942828827 41.4574935776112, 34.7972191082573 41.4574751976054, 34.797239377655 41.4576640827734))"
107,SİNOP,BOYABAT,GÖKDERE,155773,1210,1,140754878,1560.37,1560.37,1560.37,KONUT ALANI,"A-5, Taks:0.30-Kaks:1.50
İmar Planı gereği ihdas işleminin tamamlanması ve ardından tevhiden net imar parseli oluşması gerekmektedir.",14000,21845180,,"POLYGON ((34.7668011215808 41.4579690813254, 34.7666229145012 41.4579578924543, 34.7666152875786 41.4575421474997, 34.7669745904738 41.4575558843052, 34.7669845226457 41.4580971255991, 34.7668739585266 41.4580928986836, 34.7668011215808 41.4579690813254))"
108,SİNOP,BOYABAT,KARACAÖREN,151555,863,9,140754892,411.74,411.74,411.74,KONUT ALANI,"Ayrık Nizam 3 Kat (A-3), TAKS: 0.30 ve KAKS: 0.90",5500,2264570,,"POLYGON ((34.7768657469301 41.494026027688, 34.7768821710238 41.4940225591686, 34.7768888740597 41.4940227204818, 34.7769013878549 41.4940259147653, 34.7769098051421 41.4940307002076, 34.7769416725398 41.4940615471287, 34.7769453971421 41.4940672589894, 34.7769510385849 41.494079293739, 34.7769536749912 41.4940919267864, 34.7769539139545 41.4940983218704, 34.7769511863898 41.4941989534442, 34.7767132032483 41.494202094439, 34.7764999385738 41.4942049594656, 34.7765682260399 41.4941793940836, 34.7768657469301 41.494026027688))"
109,SİNOP,BOYABAT,KARACAÖREN,151555,865,10,140754725,398.1,398.1,398.1,KONUT ALANI,"Ayrık Nizam 3 Kat (A-3), TAKS: 0.30 ve KAKS: 0.90",5500,2189550,,"POLYGON ((34.7758031993497 41.4935461357618, 34.7757744667134 41.4935457399212, 34.7760723389242 41.4933073437428, 34.7760973780182 41.4933131023573, 34.7761048865476 41.4935496163108, 34.7758031993497 41.4935461357618))"
110,SİNOP,BOYABAT,KARACAÖREN,151555,880,16,140754376,783.76,783.76,783.76,KONUT ALANI,"Ayrık Nizam 3 Kat (A-3), TAKS: 0.30 ve KAKS: 0.90",5150,4036364,,"POLYGON ((34.7701956428696 41.4935259336029, 34.7700799443526 41.4935511824997, 34.7699327764507 41.4935210997969, 34.7696446169823 41.4934394330899, 34.7695679676138 41.493397032234, 34.7695537729895 41.4933384827827, 34.7695727923863 41.4933144337613, 34.7697867797373 41.4932621682714, 34.7698659719729 41.493437414573, 34.7701290502516 41.4933745916989, 34.7701956428696 41.4935259336029))"
111,SİNOP,DURAĞAN,YEŞİLYURT,206459,273,5,140754721,356.5,356.5,356.5,KONUT ALANI,Ayrık Nizam 3 Kat,4500,1604250,1604250,"POLYGON ((35.0523622700875 41.41075428508, 35.0523063591034 41.4106370738439, 35.0522713353516 41.4105868070001, 35.0522902242319 41.4105592712491, 35.0524062196152 41.4105474717545, 35.0525747526483 41.4106480272793, 35.0525906124336 41.4106855240052, 35.0523622700875 41.41075428508))"
112,SİNOP,GERZE,CUMHURİYET,134974,663,6,140755001,1779.48,1779.48,1779.48,KONUT ALANI,"Ayrık Nizam 2 Kat, TAKS=0,30 ve KAKS=0,60
Taşınmazın ihdası bulunmaktadır.",8500,15125580,15125580,"POLYGON ((35.1903745655639 41.788188158334, 35.1906252495793 41.7882601838398, 35.1908537273813 41.7883505432237, 35.1907297938355 41.7886118258457, 35.1906775181318 41.7886270803578, 35.1901136727429 41.7884040982828, 35.1900955549834 41.7883969259007, 35.1900889396931 41.7883730713047, 35.1902427528353 41.7882293840128, 35.1903745655639 41.788188158334))"
113,SİNOP,GERZE,CUMHURİYET,134974,670,29,140754842,509.22,509.22,509.22,KONUT ALANI,"Ayrık Nizam 2 Kat, TAKS=0,30 ve KAKS=0,60",9000,4582980,4582980,"POLYGON ((35.1860270743189 41.791090873011, 35.1858550292052 41.7912038179165, 35.1856918248938 41.7909711991087, 35.1856966195787 41.7909256333673, 35.1857690761774 41.7908529040387, 35.1858935191409 41.7909677240099, 35.1860270743189 41.791090873011))"
114,ŞANLIURFA,SİVEREK,AYVANAT,207453,3338,15,140692613,694.91,694.91,694.91,KONUT ALANI,"Ayrık Nizam 6 Kat (A-6), Taks: 0,30 Emsal:1,80
Taşınmazın yapılaşabilmesi için bitişik 3338 Ada 8 Numaralı parsel ile tevhit edilmesi gerekmektedir.",6000,4169460,6200000,"POLYGON ((39.3171682718551 37.7341543993174, 39.316947448524 37.734086970226, 39.3169553390765 37.7340635935561, 39.3170419962324 37.7338057043887, 39.3172420429613 37.7338510698564, 39.3172653937001 37.7338844979811, 39.3171682718551 37.7341543993174))"
115,ŞANLIURFA,SİVEREK,SELİMPINAR,207456,3215,12,140690694,283.35,283.35,283.35,KONUT ALANI,"E:1,00 Hmaks:5 Kat
Taşınmaz Bakanlar Kurulu Kararı (2013/4999) ile
Kentsel Dönüşüm Alanı ilan edilmiş olup, parselin mevcut şartlarda yapılaşmaya uygun değildir, parsel uygulama görüp parselasyon yapıldıktan sonra yapılaşabilecektir.",6100,1728435,2700000,"POLYGON ((39.3497205869072 37.7504737200671, 39.349792882295 37.7505250432654, 39.3500537459362 37.7504300722775, 39.3500888697853 37.7505464646866, 39.3500246323655 37.7505592530595, 39.3498823607434 37.7506041554295, 39.3496984120625 37.7504723722694, 39.3497205869072 37.7504737200671))"
116,ŞANLIURFA,SİVEREK,SELİMPINAR,207456,3554,1,140692629,755.22,755.22,755.22,KONUT ALANI,"E:1,00 Hmaks:5 Kat
Taşınmaz Bakanlar Kurulu Kararı (2013/4999) ile
Kentsel Dönüşüm Alanı ilan edilmiş olup, parselin mevcut şartlarda yapılaşmaya uygun değildir, parsel uygulama görüp parselasyon yapıldıktan sonra yapılaşabilecektir.",6000,4531320,6600000,"POLYGON ((39.3499228171619 37.7507311867389, 39.3499250858224 37.7507494738009, 39.3499332540422 37.750769832877, 39.3499442586161 37.7507901919926, 39.3499520865848 37.750806046868, 39.3499618430985 37.7508298291518, 39.3499697845032 37.750846855118, 39.3499836254531 37.7508671241854, 39.3499932685802 37.7508886543677, 39.3499954238582 37.750904689329, 39.3500063150405 37.7509238773463, 39.3500175464436 37.7509499117422, 39.3500203821091 37.7509819816437, 39.3500257139713 37.7510047729386, 39.3500265077846 37.7510218888871, 39.3500241761478 37.7510346552388, 39.349911284011 37.7510375140278, 39.3498519019943 37.751003689454, 39.3496584761853 37.7504816502517, 39.3496773090368 37.7504981359167, 39.3497058986684 37.750523720211, 39.3497209876229 37.7505382239622, 39.3497403878232 37.7505526376964, 39.349762964564 37.7505738077696, 39.3497943905699 37.7506004730931, 39.3498182154431 37.7506170488962, 39.3498466917712 37.7506402909725, 39.3498749413154 37.7506590288437, 39.3498947951788 37.7506826311155, 39.3499228171619 37.7507311867389))"
117,MARDİN,ARTUKLU,NUR,125908,2346,1,140651958,3033.85,3033.85,3033.85,KONUT ALANI,"E: 1.50, Hmax: 10 Kat",6500,19720025,,"POLYGON ((40.7175133120241 37.3508796716365, 40.7178622958333 37.3512847658673, 40.7178508806692 37.3513185976104, 40.7175128760148 37.3514067570218, 40.7171927785923 37.3515461615603, 40.7169921390821 37.3512349717383, 40.7171568376104 37.3511018028477, 40.7174757209909 37.350877015339, 40.7175133120241 37.3508796716365))"
118,MARDİN,ARTUKLU,NUR,125908,2347,1,140594147,1481.35,1481.35,1481.35,KONUT ALANI,"E: 1.50, Hmax: 10 Kat",7000,10369450,10369450,"POLYGON ((40.7132862085619 37.3498918351547, 40.7133067982567 37.3499272839694, 40.713253647079 37.3500517174592, 40.712688744268 37.3499999450417, 40.7126192890783 37.3499300848088, 40.7126494651504 37.3497204680113, 40.7126847955249 37.3497035113286, 40.7132862085619 37.3498918351547))"
119,MERSİN,ANAMUR,AKARCA,206346,1245,1,140592941,330.48,330.48,330.48,KONUT ALANI,"Ayrık Nizam E:0,75 Yençok: 12,50 m",8800,2908224,,"POLYGON ((32.8193166126973 36.0758266193371, 32.819317277223 36.0758269034444, 32.8194324180533 36.0758846100729, 32.8193196306936 36.0760530401325, 32.8191639473729 36.0759621242433, 32.8192697226474 36.0758348180927, 32.8193166126973 36.0758266193371))"
120,MERSİN,ANAMUR,İSKELE,206341,489,6,140619286,436.99,436.99,436.99,KONUT ALANI,"Ayrık Nizam E:1,00 Yençok: 18,50 m",16000,6991840,6991840,"POLYGON ((32.870868160243 36.0780775614929, 32.8707700356619 36.0782469012576, 32.8705844801747 36.078197261589, 32.8705921665787 36.0780322917514, 32.870593475252 36.0780041708599, 32.870829414239 36.0780764883969, 32.870868160243 36.0780775614929))"
121,MERSİN,BOZYAZI,BOZYAZI,203925,733,1,140599544,813.38,813.38,813.38,GÜNÜBİRLİK KULLANIM ALANI,"E:0,20 1 Kat Hmax:4,50 m, asma kat yapılması halinde 5,50 m",11500,9353870,,"POLYGON ((32.953821540923 36.1051779893829, 32.9538380903836 36.104917318586, 32.9540688538378 36.1049250037791, 32.9541325339835 36.104999182457, 32.9540889453848 36.1052215867854, 32.953874956472 36.1052117880529, 32.953821540923 36.1051779893829))"
122,MERSİN,BOZYAZI,ÇUBUKKOYAĞI,27836,603,2,140600335,515.64,515.64,515.64,KONUT ALANI,"Ayrık Nizam TAKS:0.30, KAKS:0,90 Yençok: 3 Kat
Üzerinde yapı bulunmaktadır.",6500,3351660,,"POLYGON ((33.004911344346 36.1112663928509, 33.0049237120236 36.1112567758679, 33.0049529206456 36.1112698882809, 33.004969548126 36.1112877031159, 33.005050466974 36.1114225353138, 33.005058956064 36.1114449635438, 33.0050757082455 36.1115683639085, 33.0050524579476 36.1116132530871, 33.0048130117924 36.1114647713896, 33.004879164242 36.1113063309898, 33.004911344346 36.1112663928509))"
123,MERSİN,BOZYAZI,KALEDİBİ,28713,113,2,140599204,1106.08,1106.08,1106.08,GÜNÜBİRLİK KULLANIM ALANI,"E:0,20 1 Kat Hmax:4,50 m, asma kat yapılması halinde 5,50 m",8500,9401680,,"POLYGON ((33.0149951297958 36.0975306854663, 33.0150531537719 36.0973118127179, 33.0154709935668 36.0973748390433, 33.015498663603 36.0976311366415, 33.0149951297958 36.0975306854663))"
124,MERSİN,BOZYAZI,KALEDİBİ,28713,113,3,140601788,772.74,772.74,772.74,KONUT ALANI,"Blok Nizam TAKS:0.30, KAKS:0,60 Yençok: 2 Kat",10000,7727400,,"POLYGON ((33.014958868008 36.0976674682395, 33.0149951297958 36.0975306854663, 33.015498663603 36.0976311366415, 33.0155149755014 36.097782227102, 33.014958868008 36.0976674682395))"
125,MERSİN,ERDEMLİ,ÇEŞMELİ,128217,1111,1,140587701,443.52,443.52,443.52,KONUT ALANI,"Ayrık Nizam, Taks: 0,40, E: 0,90, Hmax: 21,5 (7 Kat)
18.madde uygulamasına tabidir.",7800,3459456,3459456,"POLYGON ((34.4148799793062 36.6800067043848, 34.4147406033619 36.679819947353, 34.4149732224373 36.6797063032448, 34.4150438665953 36.6798016271537, 34.4148799793062 36.6800067043848))"
126,MERSİN,ERDEMLİ,ÇEŞMELİ,128217,1112,1,140628047,1493.9,1493.9,1493.9,KONUT ALANI,"Ayrık Nizam, Taks: 0,40, E: 0,90, Hmax: 21,5 (7 Kat)
18.madde uygulamasına tabidir.",10500,15685950,16200000,"POLYGON ((34.4358234852893 36.6825353932267, 34.436006094698 36.6824470505264, 34.4365519496589 36.6830143433332, 34.4363953224016 36.6831162495495, 34.4358234852893 36.6825353932267))"
127,MERSİN,ERDEMLİ,ÇEŞMELİ,128217,1113,1,140586196,637.36,637.36,637.36,KONUT ALANI,"Ayrık Nizam, Taks: 0,40, E: 0,90, Hmax: 21,5 (7 Kat)
18.madde uygulamasına tabidir.",7800,4971408,4971408,"POLYGON ((34.4158508700822 36.6789989611952, 34.4158393929101 36.6790163807689, 34.4158266316879 36.679037348543, 34.4158147128099 36.6790586355166, 34.4158036485658 36.679080219742, 34.4157934503639 36.6791020789649, 34.4157841287199 36.6791241906471, 34.41575873836 36.6791877522365, 34.4154939842214 36.6791333944127, 34.4156151162014 36.6788769393057, 34.4158508700822 36.6789989611952))"
128,MERSİN,ERDEMLİ,KORAMŞALI,128239,152,520,140622795,782.1,782.1,782.1,KONUT ALANI,"Ayrık Nizam, E: 0,50, Hmax: 6,50 m (2 Kat)
Taşınmazın yaklaşık 60 m² ihdası bulunmaktadır.",3500,2737350,2737350,"POLYGON ((34.1520319112718 36.7357884683087, 34.1520264556252 36.7357530189571, 34.1521480211089 36.7356364529296, 34.1523405802637 36.7357371823174, 34.1524765445813 36.7358082215618, 34.152485877792 36.7358409301268, 34.1523720863965 36.7359575493191, 34.1523240157917 36.7359621597415, 34.1520319112718 36.7357884683087))"
129,MERSİN,ERDEMLİ,KUMKUYU ÇANAKÇI,128215,1116,1,140587096,142.48,142.48,142.48,TERCİHLİ TURİZM ALANI,"E:0.60 Hmax: 6,50 m
676 Ada 1 Parsel ile tevhit şartı bulunmaktadır.",4500,641160,,"POLYGON ((34.1603381268886 36.5480479645058, 34.1601491090487 36.54798133532, 34.1601597452799 36.5479637820187, 34.1603831055959 36.5479413337606, 34.1603947183479 36.5479544339064, 34.1603381268886 36.5480479645058))"
130,MERSİN,ERDEMLİ,TIRTAR,128255,1114,1,140628476,763.78,763.78,763.78,GELİŞME KONUT ALANI,"Ayrık Nizam TAKS:0.30, KAKS:0,90 Yençok: 3 Kat
18.madde uygulamasına tabidir.",5800,4429924,,"POLYGON ((34.2253915281917 36.5425874674577, 34.2254317397949 36.5425788318924, 34.225472894816 36.5425738728273, 34.2255144786802 36.5425726522668, 34.2255430873596 36.5425743988776, 34.2255831311339 36.5426737208623, 34.2255053111913 36.5427530809867, 34.2248040409089 36.5427424859335, 34.2253915281917 36.5425874674577))"
131,MERSİN,MEZİTLİ,DAVULTEPE,127437,565,3,140576501,254.52,254.52,254.52,KONUT ALANI,"Ayrık Nizam E: 0,60, Hmaks:5 Kat
18.madde uygulamasına tabidir.
Taşınmaz üzerinde yapı bulunmaktadır.",6250,1590750,,"POLYGON ((34.4610915173634 36.712724228429, 34.4612463107484 36.7125552549109, 34.4613658309553 36.7125812467965, 34.461217644242 36.7127572722253, 34.4610915173634 36.712724228429))"
132,MERSİN,MEZİTLİ,DAVULTEPE,127437,14498,1,140572717,389.65,389.65,389.65,KONUT ALANI,"Ayrık Nizam E: 0,60, Hmaks:5 Kat
18.madde uygulamasına tabidir.",6000,2337900,2337900,"POLYGON ((34.4784327108094 36.7248785122605, 34.4784389589364 36.7249092038178, 34.4781512654286 36.7251362388146, 34.4781104652217 36.7251326769225, 34.4782830811633 36.7248202374476, 34.4784327108094 36.7248785122605))"
133,MERSİN,MEZİTLİ,KUYULUK,127400,11,19,140581777,396.39,396.39,396.39,KONUT ALANI,"Ayrık Nizam, E:0,60, 4 Kat
Ada bazlı 18.madde uygulamasına tabidir.
Taşınmaz üzerinde yapı/yapılar bulunmaktadır.",8500,3369315,,"POLYGON ((34.5107174466468 36.7605859936704, 34.5112646730718 36.7609784081147, 34.5112267411459 36.7609603824943, 34.5111086039871 36.7609042615997, 34.5110044494171 36.7608547345795, 34.5108916792032 36.7608011422758, 34.5107827174802 36.7607493563634, 34.5106602134814 36.7606911584387, 34.5107174466468 36.7605859936704))"
134,MERSİN,MEZİTLİ,KUYULUK,127400,67,13,140574619,604.97,604.97,604.97,KONUT ALANI,"Ayrık Nizam, E:0,60, 4 Kat
Taşınmaz üzerinde yapı/yapılar bulunmaktadır.",17500,10586975,,"POLYGON ((34.5088291545077 36.7635164929562, 34.5091166912174 36.763316094612, 34.509249184287 36.763439682019, 34.509034548977 36.7635934995395, 34.5089817504197 36.7636314014684, 34.5089813044547 36.7636310663004, 34.5088617856783 36.7635410651781, 34.5088291545077 36.7635164929562))"
135,MERSİN,MEZİTLİ,KUYULUK,127400,279,3,140572784,545.6,545.6,545.6,KONUT ALANI,"Ayrık Nizam, E:0,60, 4 Kat
Bölge bazlı 18.madde uygulamasına tabidir.",10250,5592400,5592400,"POLYGON ((34.5060915594438 36.7687805991306, 34.5062309114301 36.7689164163104, 34.5059320150883 36.7690391550541, 34.5058852031752 36.7689970456943, 34.5058017072371 36.7689219554961, 34.5060915594438 36.7687805991306))"
136,MERSİN,MEZİTLİ,KUYULUK,127400,541,4,140572999,1245.69,1245.69,1245.69,KONUT ALANI,"Ayrık Nizam, E:0,60, 4 Kat
Bölge bazlı 18.madde uygulamasına tabidir.",10250,12768322.5,,"POLYGON ((34.508917532022 36.7653809166183, 34.5092170663716 36.7654054020241, 34.509189137294 36.7656791071516, 34.5093558695098 36.7656927722446, 34.5097323778808 36.7657235720275, 34.5097296528318 36.7657252788041, 34.5096948313409 36.7657420919579, 34.5096577426133 36.765755401619, 34.5096189286794 36.7657650132742, 34.509578956783 36.7657707864546, 34.5095384110918 36.7657726367884, 34.509497884159 36.765770537234, 34.5092799609442 36.765748544157, 34.5092212456697 36.7657437648164, 34.5091623132623 36.7657412535948, 34.5091032989961 36.7657410162566, 34.5090443383326 36.7657430533462, 34.5089855666105 36.7657473601878, 34.5089402089401 36.7657524561907, 34.5089342944015 36.7656551866374, 34.508917532022 36.7653809166183))"
137,MERSİN,MEZİTLİ,KUYULUK,127400,607,29,140576458,1117.47,1117.47,1117.47,TİCARET+KONUT ALANI,"Ayrık Nizam, E:0,90, Taks:0,50, Hmaks:15 Kat",34000,37993980,64500000,"POLYGON ((34.5097945330448 36.7545809410196, 34.5099809691458 36.7546782416287, 34.5101703080675 36.754777053194, 34.5098443882618 36.7549709287289, 34.5097954238652 36.7549621295494, 34.5097396511657 36.754881476946, 34.5096583923258 36.7547414767326, 34.5096257134728 36.7546969541576, 34.5096390631933 36.7546603096187, 34.5096412850289 36.7546542117432, 34.5096524243789 36.7546488868447, 34.5097945330448 36.7545809410196))"
138,MERSİN,MEZİTLİ,KUYULUK,127400,14501,1,140581621,327.81,327.81,327.81,KONUT ALANI,"Ayrık Nizam, E:0,60, 4 Kat
Ada bazlı 18.madde uygulamasına tabidir.",8500,2786385,3800000,"POLYGON ((34.5007754561806 36.7607905341368, 34.5008553444842 36.7607366056348, 34.5010892670648 36.7609353100386, 34.5009915672338 36.7610102034676, 34.5007754561806 36.7607905341368))"
139,MERSİN,MEZİTLİ,KUYULUK,127400,14502,1,140574989,446.47,446.47,446.47,KONUT ALANI,"Ayrık Nizam, E:0,60, 4 Kat
Ada bazlı 18.madde uygulamasına tabidir.
Taşınmaz üzerinde çocuk parkı bulunmaktadır.",8500,3794995,,"POLYGON ((34.5110265879408 36.7602060444266, 34.5111134588608 36.7600672961056, 34.5111771638339 36.7600632744076, 34.5114352547979 36.7603603923369, 34.5110265879408 36.7602060444266))"
140,MERSİN,MEZİTLİ,KUYULUK,127400,14503,1,140576462,831.69,831.69,831.69,KONUT ALANI,"Ayrık Nizam, E:0,60, 4 Kat
Ada bazlı 18.madde uygulamasına tabidir.",10250,8524822.5,8524822.5,"POLYGON ((34.4992542014738 36.7696511521656, 34.4992803123717 36.7696711065438, 34.4992793665188 36.7696938724802, 34.4992739112126 36.7697170189916, 34.4992641079302 36.7697392185537, 34.499250188629 36.76975994589, 34.4992324826586 36.7697787105593, 34.4992114089679 36.7697950685593, 34.4988928953233 36.7700067823445, 34.4988503534756 36.7700132294059, 34.4986853757362 36.7699695189432, 34.4992255396808 36.7696096684066, 34.4992542014738 36.7696511521656))"
141,MERSİN,MEZİTLİ,KUYULUK,127400,14504,1,140576386,731.4,731.4,731.4,KONUT ALANI,"Ayrık Nizam, E:0,60, 4 Kat
Ada bazlı 18.madde uygulamasına tabidir.",10250,7496850,,"POLYGON ((34.5028600516956 36.769033644127, 34.5030185604744 36.7689727347616, 34.5029546449788 36.7691926854481, 34.503116638901 36.7694194748326, 34.5030248059383 36.7694546271559, 34.5028761778929 36.7695041111982, 34.5028637418426 36.7694974695496, 34.5028600516956 36.769033644127))"
142,MERSİN,MEZİTLİ,KUYULUK,127400,14505,1,140572753,455.93,455.93,455.93,KONUT ALANI,"Ayrık Nizam, E:0,60, 4 Kat
Ada bazlı 18.madde uygulamasına tabidir.",8500,3875405,4000000,"POLYGON ((34.5100776587132 36.7621625125375, 34.5101772809038 36.7620940936306, 34.5103930155732 36.7623156355307, 34.510391967953 36.7623162462921, 34.5101960752148 36.7623947954286, 34.5100776587132 36.7621625125375))"
143,MERSİN,MEZİTLİ,MEZİTLİ,127401,0,4774,140581453,1509.45,1509.45,1509.45,KONUT ALANI,"E:1,50, Hmaks:15 Kat
Ada bazlı 18.madde uygulamasına tabidir.",13000,19622850,,"POLYGON ((34.5033166180155 36.7356928953728, 34.5041256119078 36.7362609104558, 34.5041173127398 36.7363213385916, 34.5040787009398 36.7362890698247, 34.5040142014608 36.7363390663556, 34.5040528549328 36.7363713699826, 34.5039401869618 36.7364585781858, 34.503875126095 36.736384596336, 34.5038020682962 36.7363015936769, 34.5037291243225 36.736218502302, 34.5036560668352 36.7361354995581, 34.5035830095037 36.7360524967716, 34.5035100642481 36.7359694953508, 34.5034370072281 36.7358864924796, 34.503363841943 36.7358033079961, 34.5032758913186 36.735703268394, 34.5033166180155 36.7356928953728))"
144,MERSİN,MEZİTLİ,MEZİTLİ,127401,14506,1,140578728,2314.78,2314.78,2314.78,KONUT ALANI,"E:1,50, Hmaks:15 Kat
Bölge bazlı 18.madde uygulamasına tabidir.",13000,30092140,46500000,"POLYGON ((34.5380108251449 36.7632810975726, 34.5385169522468 36.7636170071109, 34.538323801065 36.7638291203787, 34.5382848875799 36.7638264691047, 34.5381014893409 36.7637883334597, 34.5379077667689 36.7637214037277, 34.5377380363129 36.7636600055346, 34.5377236602677 36.7636583005334, 34.5377131980538 36.7636526486381, 34.5380108251449 36.7632810975726))"
145,MERSİN,MEZİTLİ,TECE,127363,314,15,140576509,453.1,453.1,453.1,KONUT ALANI,"Ayrık Nizam, E:1,00, 8 Kat
18.madde uygulamasına tabidir.",8000,3624800,3624800,"POLYGON ((34.4536889840716 36.7044391736445, 34.4537495034745 36.7043217294422, 34.4538491586644 36.7043585645399, 34.4538547750137 36.7043487132051, 34.4540487391404 36.7044223946625, 34.4539837406865 36.7045553968378, 34.4539026468274 36.7045302826408, 34.4536889840716 36.7044391736445))"
146,MERSİN,MEZİTLİ,TECE,127363,426,50,140581676,257.74,257.74,257.74,KONUT ALANI,"Ayrık Nizam, E:1,00, 8 Kat
18.madde uygulamasına tabidir.",8000,2061920,2061920,"POLYGON ((34.447399314653 36.7041963217415, 34.4477555102688 36.7040372444489, 34.4477617115116 36.7040430674802, 34.4475188779157 36.7042744131078, 34.4474306538896 36.7042358537478, 34.447399314653 36.7041963217415))"
147,MERSİN,MEZİTLİ,TECE,127363,431,2,140595242,1964.64,1964.64,1964.64,KONUT ALANI,"Ayrık Nizam, E:1,00, 8 Kat
18.madde uygulamasına tabidir.
Taşınmaz üzerinde atıl yapı bulunmaktadır.",9000,17681760,,"POLYGON ((34.4444471722848 36.7018567769229, 34.4445373895178 36.7016442171449, 34.4445534025942 36.7013830870349, 34.4447972285119 36.7011766237066, 34.4448744808623 36.7011719853605, 34.4450241411591 36.7012392303144, 34.445029521248 36.7012620301701, 34.4445741653889 36.7019303060438, 34.4445318992618 36.7019389526249, 34.4444835381088 36.7019122797338, 34.4444722412288 36.7018891119898, 34.4444471722848 36.7018567769229))"
148,MERSİN,MEZİTLİ,TECE,127363,435,134,140596619,640.47,640.47,640.47,KÜÇÜK SANAYİ ALANI,"E:0,75, Hmaks:8,50 m
18.madde uygulamasına tabidir.",8000,5123760,,"POLYGON ((34.4406725196458 36.6969820078279, 34.4405523281647 36.6969290854818, 34.4406830534238 36.6965786509518, 34.4408590023838 36.6966555823438, 34.4408681311648 36.6966841066438, 34.4406725196458 36.6969820078279))"
149,MERSİN,MEZİTLİ,TECE,127363,435,135,140587430,702.64,702.64,702.64,TİCARET ALANI,"Ayrık Nizam, E:1,60, 10 Kat
18.madde uygulamasına tabidir.",10500,7377720,9800000,"POLYGON ((34.4412060474829 36.6963043967048, 34.4413895925359 36.6960248657978, 34.441428055716 36.6960198006008, 34.44159199973 36.6961254199888, 34.441548557011 36.6961916951228, 34.4413520247449 36.6963845762698, 34.4412060474829 36.6963043967048))"
150,MERSİN,MEZİTLİ,TECE,127363,14500,1,140595946,643.34,643.34,643.34,KONUT ALANI,"Ayrık Nizam, E:1,00, 8 Kat
18.madde uygulamasına tabidir.",9000,5790060,,"POLYGON ((34.4504197316345 36.7051081762218, 34.4505245212375 36.7050984346228, 34.4507699461396 36.7050882971678, 34.4511458298807 36.7053022357788, 34.4511403742267 36.7053164857248, 34.4510785246137 36.7053283455258, 34.4504317902235 36.7051321600708, 34.4504197316345 36.7051081762218))"
151,MALATYA,YEŞİLYURT,AŞAĞIBAĞLAR,129601,7150,1,140516816,1873.03,1873.03,1873.03,KONUT ALANI,"TAKS:0,40-E:1,50 Yençok: 22,50",9500,17793785,17793785,"POLYGON ((38.2998423981453 38.3284091035669, 38.2998361155163 38.3283673219674, 38.3002823378433 38.3280471594504, 38.3003334882224 38.3280433230821, 38.3003830377522 38.3280426390253, 38.3004325917763 38.3280468749413, 38.3004750696144 38.3280537388486, 38.3005113025446 38.3280615902842, 38.3005708655106 38.3280828764484, 38.3005817144195 38.3281077982665, 38.3001957946681 38.3285529944346, 38.3001785936239 38.3285556809973, 38.2998423981453 38.3284091035669))"
152,MALATYA,YEŞİLYURT,BOSTANBAŞI,169241,322,5,140517001,2452.92,2452.92,2452.92,TİCARET ALANI,"E:1,00 Yençok: 15,50
Taşınmaz üzerinde yapı/yapılar bulunmaktadır.",17500,42926100,,"POLYGON ((38.235812977199 38.3388017929872, 38.235446041237 38.3387671972702, 38.235555402217 38.3380174920882, 38.23611110623 38.3388299033442, 38.235812977199 38.3388017929872))"
153,MALATYA,YEŞİLYURT,TECDE,129382,1440,18,140441346,970.7,970.7,970.7,KONUT ALANI,"Ayrık Nizam 2 Kat, TAKS:0,25 E:0,50",7000,6794900,,"POLYGON ((38.2845185944823 38.3075478102178, 38.2843410119433 38.3074920388307, 38.2840607882594 38.3073029930932, 38.2841920727874 38.307202045138, 38.284356597951 38.3072243125482, 38.2845357578511 38.3072485550142, 38.2845185944823 38.3075478102178))"
154,MALATYA,YEŞİLYURT,YAKINCA,169240,760,1,140440998,596.91,596.91,596.91,KONUT ALANI,"TAKS:0,40 E:1,50 Yençok:22,50 m
Taşınmaz daha önce 18. Madde uygulaması görmüş olup, parselasyon yenilemesi yapılacaktır",9500,5670645,,"POLYGON ((38.226473941003 38.312912699239, 38.226096394211 38.312975776735, 38.226332095992 38.312694037999, 38.226556321528 38.312817927845, 38.226473941003 38.312912699239))"
155,MALATYA,YEŞİLYURT,YAKINCA,169240,761,1,140438906,1391.62,1391.62,1391.62,KONUT ALANI,"TAKS:0,40 E:1,50 Yençok:22,50 m
Taşınmaz daha önce 18. Madde uygulaması görmüş olup, parselasyon yenilemesi yapılacaktır",9000,12524580,,"POLYGON ((38.228284426171 38.312492261873, 38.227994790094 38.31200147906, 38.228000677065 38.311949713202, 38.228005725904 38.311944211268, 38.228556876204 38.312152016018, 38.228572846116 38.312206702585, 38.228284426171 38.312492261873))"
156,MALATYA,YEŞİLYURT,YAKINCA,169240,762,1,140440824,444.13,444.13,444.13,KONUT ALANI,"TAKS:0,40 E:1,50 Yençok:22,50 m
Taşınmaz daha önce 18. Madde uygulaması görmüş olup, parselasyon yenilemesi yapılacaktır",10000,4441300,,"POLYGON ((38.228628837545 38.312606112571, 38.228488512302 38.312701484354, 38.228399167442 38.312686686764, 38.228365261003 38.312629233661, 38.228602363802 38.312394482794, 38.228658321553 38.312518129344, 38.228628837545 38.312606112571))"
157,MALATYA,YEŞİLYURT,YAKINCA,169240,763,1,140438713,317.42,317.42,317.42,KONUT ALANI,"TAKS:0,40 E:1,50 Yençok:22,50 m
Taşınmaz daha önce 18. Madde uygulaması görmüş olup, parselasyon yenilemesi yapılacaktır",10000,3174200,,"POLYGON ((38.228397675521 38.311942191396, 38.228107854311 38.311832917389, 38.22822884815 38.311701064441, 38.228291933633 38.311708535524, 38.228397675521 38.311942191396))"
158,MALATYA,YEŞİLYURT,YAKINCA,169240,764,1,140517397,1824.55,1824.55,1824.55,KONUT ALANI,"TAKS:0,40 E:1,50 Yençok:22,50 m
Taşınmaz daha önce 18. Madde uygulaması görmüş olup, parselasyon yenilemesi yapılacaktır",9000,16420950,,"POLYGON ((38.2293374266417 38.3130763717604, 38.2292819532352 38.3131218136567, 38.2292283459459 38.3131120254855, 38.2290049986279 38.3124725160096, 38.2291470411659 38.3123745266172, 38.2293799455066 38.312462337631, 38.2294244403439 38.3125264756109, 38.2293374266417 38.3130763717604))"
159,MALATYA,YEŞİLYURT,YAKINCA,169240,766,1,140518552,384.18,384.18,384.18,KONUT ALANI,"TAKS:0,40 E:1,50 Yençok:22,50 m
Taşınmaz daha önce 18. Madde uygulaması görmüş olup, parselasyon yenilemesi yapılacaktır",10000,3841800,,"POLYGON ((38.2286421555139 38.3107285068239, 38.2285728711117 38.3107376068098, 38.2289339734926 38.3103612875862, 38.2290410339317 38.3104196551256, 38.2286421555139 38.3107285068239))"
160,MALATYA,YEŞİLYURT,YAKINCA,169240,767,1,140517499,360.26,360.26,360.26,KONUT ALANI,"TAKS:0,40 E:1,50 Yençok:22,50 m
Taşınmaz daha önce 18. Madde uygulaması görmüş olup, parselasyon yenilemesi yapılacaktır",10000,3602600,,"POLYGON ((38.2288675768019 38.3108510545444, 38.2287824294747 38.3108189507063, 38.2287737952946 38.3107781403324, 38.2291494030062 38.3104873066381, 38.2291516564233 38.3105424111835, 38.2288675768019 38.3108510545444))"
161,MALATYA,YEŞİLYURT,YENİKÖY-2,169021,194,1,140442438,962.72,962.72,962.72,KONUT ALANI," İkiz Nizam 2 Kat
Taşınmaz üzerinde yapı/yapılar bulunmaktadır.",2500,2406800,2406800,"POLYGON ((38.1224739299544 38.5077382327035, 38.122625449808 38.507763778046, 38.1226820453569 38.5078182647467, 38.1226862555539 38.508162791622, 38.1223761720288 38.5081110292969, 38.1224739299544 38.5077382327035))"
162,TUNCELİ,MERKEZ,CUMHURİYET,129757,482,15,140505042,413.52,413.52,413.52,KONUT ALANI,"Ayrık Nizam, E:1,50, Y:15,50",8000,3308160,,"POLYGON ((39.531816978215 39.1057892234206, 39.5316146393042 39.1059144370296, 39.5317630326885 39.1057106258253, 39.5318539934316 39.1056735476503, 39.5322537247972 39.1056737119492, 39.5323146408211 39.1056714776188, 39.5320286889303 39.1057415100968, 39.5320204351635 39.1057435315085, 39.5318606734257 39.1057832920023, 39.531816978215 39.1057892234206))"
163,TUNCELİ,MERKEZ,CUMHURİYET,129757,2067,10,140500481,58.66,58.66,58.66,KONUT ALANI,"Ayrık Nizam, E:1,50, Y:15,50",8000,469280,,"POLYGON ((39.534914402228 39.1012646666523, 39.5349183010898 39.1013025129309, 39.5349744894075 39.101417574406, 39.5350293536847 39.1015299256805, 39.534885296054 39.1013199877769, 39.5348715554503 39.1012962264224, 39.534914402228 39.1012646666523))"
164,TUNCELİ,MERKEZ,CUMHURİYET,129757,2258,8,140500131,139.55,139.55,139.55,KONUT ALANI,"Ayrık Nizam, E:1,50, Y:15,50",8000,1116400,1116400,"POLYGON ((39.5314126319895 39.1013483517027, 39.5313798539622 39.1012976529501, 39.5314084789278 39.1012208907044, 39.531588874655 39.1011927073624, 39.5315174938781 39.1012519183116, 39.5314507060243 39.1013073192638, 39.5314758408037 39.1013665935767, 39.5314126319895 39.1013483517027))"
165,TUNCELİ,MERKEZ,CUMHURİYET,129757,2707,1,140752778,31,31,31,KONUT ALANI,"Ayrık Nizam, Yençok:6,50",4000,124000,124000,"POLYGON ((39.5367169275624 39.1078768785216, 39.5368550183304 39.1078356922147, 39.5368146480138 39.1078870425696, 39.5367262807513 39.1078883698644, 39.5367169275624 39.1078768785216))"
166,TUNCELİ,MERKEZ,ESENTEPE,129758,299,216,140737765,384.65,384.65,384.65,KONUT ALANI,"Ayrık Nizam, Taks:0,40 KAKS (E): 0.80, Yençok:6,50 m, 2 Kat",4000,1538600,,"POLYGON ((39.5563791637692 39.1105798778894, 39.556360784591 39.1105740908631, 39.5563420290794 39.1105629892646, 39.556112200899 39.1103922784623, 39.5560784852226 39.1102150165786, 39.556305676447 39.1103691061176, 39.5563791637692 39.1105798778894))"
167,TUNCELİ,MERKEZ,İSMET İNÖNÜ,129769,2690,1,140468493,813.8,813.8,813.8,KONUT ALANI,"Ayrık Nizam, Taks:0,30 KAKS (E): 1.20, Yençok:12,50 m, 4 Kat
18.Madde Uygulamasına tabidir.",3000,2441400,6500000,"POLYGON ((39.5863312204391 39.1065178670756, 39.5863052117652 39.1065043606888, 39.5862937216838 39.1064485268377, 39.5863236103512 39.1064166612697, 39.5869020437788 39.1063325065572, 39.5869136387512 39.1063390469988, 39.5868905319041 39.1064483321334, 39.5868461230384 39.1065259750193, 39.5863312204391 39.1065178670756))"
168,TUNCELİ,MERKEZ,İSMET İNÖNÜ,129769,2691,1,140490822,78.78,78.78,78.78,KONUT ALANI,"Ayrık Nizam, Taks:0,30 KAKS (E): 1.20, Yençok:12,50 m, 4 Kat
18.Madde Uygulamasına tabidir.",3200,252096,252096,"POLYGON ((39.5858018258377 39.1050590784556, 39.5858009315152 39.1050541648076, 39.5859040035274 39.1050353675891, 39.5859422789064 39.1050560019598, 39.5859576307931 39.1051472768957, 39.5858018258377 39.1050590784556))"
169,TUNCELİ,MERKEZ,İSMET İNÖNÜ,129769,2692,1,140476856,26,26,26,KONUT ALANI,"Ayrık Nizam, Taks:0,30 KAKS (E): 1.20, Yençok:12,50 m, 4 Kat
18.Madde Uygulamasına tabidir.",3300,85800,,"POLYGON ((39.5871326938398 39.1032242005926, 39.5871937240522 39.1032173482262, 39.5871704605305 39.1032962373963, 39.5871609073838 39.1032981062165, 39.5871326938398 39.1032242005926))"
170,ELAZIĞ,MERKEZ,AKSARAY,129508,510,93,140630598,12213.15,12213.15,12213.15,TİCARET+KONUT ALANI,"Ayrık Nizam, E:1,50, H: 5 kat
Taşınmaz üzerinde yapı bulunmaktadır.",,63000000,63000000,"POLYGON ((39.23904353936 38.6623793552153, 39.2379115671191 38.6622086395527, 39.2374981663509 38.6618568063341, 39.2366625017497 38.6615633894968, 39.2361467424748 38.6614798981284, 39.2361480203125 38.6614259982659, 39.2362869397853 38.6613400067347, 39.2368854828569 38.6614427924028, 39.238629340501 38.6616678506814, 39.2391040144668 38.6617065971671, 39.2391841041757 38.6617907644462, 39.23904353936 38.6623793552153))"
171,ELAZIĞ,MERKEZ,AKSARAY,129508,510,94,140630615,2905.77,2905.77,2905.77,TİCARET+KONUT ALANI,"Ayrık Nizam, E:1,50, H: 5 kat
Taşınmaz üzerinde yapı bulunmaktadır.",,17000000,,"POLYGON ((39.2359177971699 38.6614428355563, 39.235313751104 38.6613450478515, 39.2349334576439 38.6613099593899, 39.2347524475736 38.6612932071028, 39.2343915768902 38.6612597894671, 39.2344090853472 38.6609951281185, 39.2344192511761 38.6609970229397, 39.2347245039687 38.6610586754188, 39.234761808373 38.6610663565161, 39.2358069574839 38.6612562676176, 39.2359195365859 38.6613694758853, 39.2359177971699 38.6614428355563))"
172,ELAZIĞ,MERKEZ,BİZMİŞEN,129434,269,1,140633619,5603.69,5603.69,5603.69,KONUT ALANI,"Ayrık Nizam, Taks: 0,30 E:1,50, Yençok: 15,50 m",7500,42027675,46500000,"POLYGON ((39.1408545230388 38.6433239469453, 39.1408059215162 38.6433211468381, 39.1395241243855 38.6421564500253, 39.1396646988789 38.6420612935797, 39.1399241265456 38.6420649551781, 39.1411153760294 38.6431473700162, 39.1408545230388 38.6433239469453))"
173,ELAZIĞ,MERKEZ,BİZMİŞEN,129434,4053,16,140755185,2317.51,2317.51,2317.51,KENTSEL SERVİS ALANI,"E:1,50, Yençok:9,50 m",4500,10428795,,"POLYGON ((39.1345621957586 38.6246342709589, 39.134784970701 38.6245871483841, 39.1350979664861 38.6249166952212, 39.1345748706799 38.6252218758471, 39.1345266547199 38.6252163275129, 39.1344215578499 38.6251055930529, 39.1345825704809 38.6246605518418, 39.1345621957586 38.6246342709589))"
174,ELAZIĞ,MERKEZ,RIZAİYE,129413,7315,1,140632925,946.65,946.65,946.65,KONUT ALANI,"Blok Nizam, TAKS:0,33, Emsal:1,65, H: 5 kat
Taşınmaz üzerinde baraka tarzı araç garajı bulunmaktadır.",7500,7099875,8600000,"POLYGON ((39.2295726357324 38.6935046031074, 39.2297249221478 38.6929761467091, 39.2299600118358 38.6930033186331, 39.2297592178402 38.6934215959275, 39.2297221458902 38.6934565507753, 39.2295940652684 38.6935167389226, 39.2295726357324 38.6935046031074))"
175,ELAZIĞ,MERKEZ,SÜRSÜRÜ,129515,7308,1,140612362,1192.43,1192.43,1192.43,KONUT ALANI,"Ayrık Nizam, 5 Kat, Taks: 0,30, E:1,50",10000,11924300,,"POLYGON ((39.2112479408709 38.6410044195081, 39.2114241149288 38.6409824731767, 39.2114635515894 38.6410049240313, 39.2115698565428 38.6415298215581, 39.2115419017304 38.6415600259322, 39.2113989452879 38.6415778360067, 39.2113922022095 38.6415781502959, 39.211385510563 38.6415774268121, 39.211379127505 38.6415756933583, 39.211373298333 38.6415730165503, 39.2113682470591 38.6415694992564, 39.2113641678008 38.6415652766441, 39.2113612173216 38.6415605109866, 39.2113595090067 38.6415553854252, 39.2112479408709 38.6410044195081))"
176,ELAZIĞ,MERKEZ,SÜRSÜRÜ,129515,7310,1,140612603,189.43,189.43,189.43,TİCARET+KONUT ALANI,"Ayrık Nizam E:1,85-Yençok:18,50 m",14900,2822507,,"POLYGON ((39.2105824428588 38.6432864714703, 39.2105763121572 38.6432842469977, 39.2105708526447 38.6432811272372, 39.2105662741274 38.6432772320796, 39.2105627525551 38.6432727112137, 39.2105604232599 38.6432677383737, 39.2105593757549 38.6432625046635, 39.2105596502949 38.6432572112115, 39.2105612363292 38.643252061442, 39.2105714380065 38.6432290913386, 39.2105742745829 38.6432242831542, 39.2105782526943 38.6432200013308, 39.2105832194642 38.6432164104161, 39.2105889840223 38.6432136484072, 39.21059532484 38.6432118214462, 39.2106019982434 38.6432109997422, 39.2106087477778 38.6432112148729, 39.2106153140626 38.6432124585707, 39.2108144540205 38.6432668532494, 39.210824417454 38.6432711292226, 39.2108320670717 38.6432777132891, 39.2108365718232 38.6432858901598, 39.2108374423137 38.6432947715042, 39.2108345839723 38.6433033924579, 39.2108283073265 38.6433108164449, 39.2108192942673 38.6433162369265, 39.210808523969 38.6433190650241, 39.2107768628914 38.6433230092024, 39.2107648850371 38.6433236219562, 39.2107497349231 38.643323664184, 39.2107346102151 38.6433229750799, 39.2107195682563 38.6433215572567, 39.2107046660761 38.6433194160898, 39.2106990845193 38.6433183319594, 39.2105824428588 38.6432864714703))"
177,ELAZIĞ,MERKEZ,SÜRSÜRÜ,129515,7311,1,140612794,276.27,276.27,276.27,TİCARET+KONUT ALANI,"Ayrık Nizam E:1,85-Yençok:18,50 m",14900,4116423,,"POLYGON ((39.2113492124114 38.6430543699532, 39.2116514804466 38.6430167128953, 39.2116582236586 38.6430163985908, 39.2116649154416 38.6430171220585, 39.2116712986344 38.6430188554958, 39.2116771279348 38.643021532288, 39.211682179326 38.6430250495674, 39.2116862586861 38.6430292721672, 39.2116880443364 38.6430321562898, 39.2117012140248 38.6430971812138, 39.2115761073093 38.6431629167796, 39.2113492124114 38.6430543699532))"
178,ELAZIĞ,MERKEZ,SÜRSÜRÜ,129515,7312,1,140613043,1359.24,1359.24,1359.24,TİCARET+KONUT ALANI,"Ayrık Nizam E:1,85-Yençok:18,50 m",14900,20252676,,"POLYGON ((39.2113399513796 38.6416587944333, 39.2113461565583 38.6416594653232, 39.2113525396229 38.6416611987787, 39.2113583688013 38.6416638755877, 39.2113634200814 38.6416673928821, 39.2113674993455 38.6416716154942, 39.2113704498297 38.6416763811515, 39.2113721581482 38.6416815067126, 39.2114589940531 38.6421103282838, 39.211459394565 38.6421156167756, 39.2114584718621 38.6421208649661, 39.2114562614029 38.6421258711701, 39.2114528481341 38.6421304430021, 39.2114483632254 38.6421344047689, 39.2114429790293 38.6421376042221, 39.2114369024576 38.6421399184082, 39.2114303670297 38.6421412583943, 39.2112119976292 38.6421684632063, 39.2112052544945 38.6421687774849, 39.211198562795 38.6421680539906, 39.211192179689 38.6421663205268, 39.211186350476 38.6421636437099, 39.2111812991695 38.6421601264084, 39.2111772198885 38.6421559037901, 39.2111742693973 38.6421511381284, 39.2111725610815 38.6421460125648, 39.2110857268385 38.6417171907789, 39.2110853263564 38.6417119022854, 39.2110862490815 38.6417066540974, 39.2110884595536 38.6417016478999, 39.2110918728255 38.6416970760782, 39.2110963577268 38.6416931143248, 39.2111017419051 38.6416899148874, 39.2111073874589 38.6416877648556, 39.2113399513796 38.6416587944333))"
179,ERZİNCAN,ÇAYIRLI,ATATÜRK,33426,72,43,140541095,329.3,329.3,329.3,KONUT ALANI+YOL,"Ayrık Nizam 4 kat
Taşınmaz üzerinde kamelya bulunmaktadır.",2550,839715,2200000,"POLYGON ((40.0386493271283 39.8080294062298, 40.0385161604245 39.8082176114708, 40.038411527685 39.8081703041322, 40.0383936396704 39.8081204787593, 40.0385008069384 39.8079692962364, 40.0386493271283 39.8080294062298))"
180,ERZİNCAN,ÇAYIRLI,ATATÜRK,33426,188,2,140541099,629.96,629.96,629.96,TİCARET+KONUT ALANI, Bitişik Nizam 4 kat,4750,2992310,3600000,"POLYGON ((40.0400293306138 39.8084930593289, 40.0400862056053 39.8084150420308, 40.0401208697875 39.8084074528114, 40.040260425066 39.8084625125691, 40.040441948613 39.8085301404364, 40.0405720772974 39.8085832615645, 40.0405862303927 39.8086283013916, 40.0405196034449 39.8087051223358, 40.0400293306138 39.8084930593289))"
181,ERZİNCAN,REFAHİYE,BİNALİ YILDIRIM,207245,235,15,140517102,596.89,596.89,596.89,KONUT ALANI + YOL,"Ayrık Nizam TAKS:0.40, KAKS:1.20 Yençok: 3 Kat",4500,2686005,4300000,"POLYGON ((38.769315844179 39.9087709656628, 38.7693935418086 39.9085619026738, 38.7696936269954 39.9085991646558, 38.7697107377764 39.9086268716165, 38.7695888978284 39.9087895850726, 38.769315844179 39.9087709656628))"
182,BİNGÖL,MERKEZ,RECEP TAYYİP ERDOĞAN,204472,1302,14,140648878,148.82,148.82,148.82,KONUT ALANI,"Ayrık nizam 4 kat E:1,60
(İmar plan değişikliği yapılmakta olup, tevhit, ifraz,
terk ve ihdas gibi uygulamalara tabii olma durumu bulunmaktadır.)
Taşınmaz üzerinde çatıdan yapılmış depo tarzı metruk yapı ve park alanı bulunmaktadır.",25000,3720500,,"POLYGON ((40.4999863702953 38.9048229941807, 40.4999283481798 38.9047698804336, 40.5001184775298 38.9046399340128, 40.5001684209229 38.9046710834578, 40.4999863702953 38.9048229941807))"
183,BİNGÖL,MERKEZ,SANCAK,127833,432,2,140696616,703.58,703.58,703.58,KONUT ALANI,"Ayrık Nizam 2 Kat Taks:0,40 Kaks:0,80
Taşınmazın 432 Ada 1 Parsel ile tevhit şartı bulunmaktadır.",900,633222,1100000,"POLYGON ((40.3902717167578 39.0903136686478, 40.3901721455388 39.0903267958158, 40.3901644700738 39.0902006791918, 40.3902663833178 39.0903083167288, 40.3902687733219 39.0901651659848, 40.3901633250219 39.0901818646348, 40.3901427866738 39.0898443931948, 40.390147165035 39.0896834177978, 40.390230766008 39.0896336076432, 40.3902362819878 39.0896321117468, 40.3902806436208 39.0896565553918, 40.3902717167578 39.0903136686478))"
184,BİNGÖL,MERKEZ,SANCAK,127833,567,1,140695524,1520.52,1520.52,1520.52,KONUT ALANI,"Ayrık Nizam 2 Kat Taks:0,40 Kaks:0,80",1000,1520520,1520520,"POLYGON ((40.3920685639909 39.0890529824078, 40.3914661852935 39.0889520408389, 40.3916661236712 39.0888500194486, 40.3919476950311 39.0887108792937, 40.392231843279 39.0885749587168, 40.3922391601134 39.0885715724069, 40.3922479488822 39.0885768721941, 40.3920685639909 39.0890529824078))"
185,BİNGÖL,MERKEZ,SANCAK,127833,568,1,140695308,499.84,499.84,499.84,KONUT ALANI,"Ayrık Nizam 2 Kat Taks:0,40 Kaks:0,80",1200,599808,1140000,"POLYGON ((40.3928561993378 39.0905055938443, 40.3926696590241 39.0905298078003, 40.3926269915603 39.0905080474163, 40.3925683234733 39.0903265550074, 40.3928402279159 39.0903169262118, 40.3928454340339 39.0903182961498, 40.3928802781441 39.0904791934608, 40.3928561993378 39.0905055938443))"
186,BİNGÖL,MERKEZ,SİMANİ,207811,1912,1,140685000,181.68,181.68,181.68,KONUT ALANI,"Ayrık nizam 4 kat E:1,60
(İmar plan değişikliği yapılmakta olup, tevhit, ifraz,
terk ve ihdas gibi uygulamalara tabii olma durumu bulunmaktadır.)
Taşınmaz üzerinde çatıdan yapılmış depo tarzı metruk yapı ve park alanı bulunmaktadır.",7500,1362600,,"POLYGON ((40.5532270524503 38.9050689418063, 40.5532220107922 38.9050606315349, 40.5532042549733 38.90500929679, 40.5531813948546 38.9049117600409, 40.5534664893474 38.9050883929408, 40.5532270524503 38.9050689418063))"
187,BİNGÖL,MERKEZ,YENİŞEHİR,127822,712,100,140649436,489.18,489.18,489.18,TİCARET+KONUT ALANI,Bitişik Nizam 4 kat,,8000000,8000000,"POLYGON ((40.4966686200318 38.8804841921954, 40.4966712112068 38.8804930557684, 40.4965231450608 38.8805408329205, 40.4965074953442 38.8805858612951, 40.4965009994853 38.8805671985837, 40.496457805968 38.8804403114529, 40.4964819956768 38.8804063587009, 40.4966352435968 38.880370022013, 40.4967518785721 38.880342366477, 40.4968320458406 38.8803196817755, 40.4968369050398 38.8803290750844, 40.4968856861018 38.8804281865574, 40.4966686200318 38.8804841921954))"
188,BİNGÖL,MERKEZ,YENİŞEHİR,127822,712,101,140648423,177.86,177.86,177.86,KONUT ALANI,Bitişik Nizam 4 kat,,2000000,2000000,"POLYGON ((40.4972956764548 38.8802283633899, 40.4971550181629 38.8803195164749, 40.4971013586438 38.8802515094249, 40.4970946170195 38.8802431879277, 40.4971569843493 38.8802211842029, 40.4972564992478 38.8801914605404, 40.4972683061309 38.880181908813, 40.4974004731874 38.8801352788145, 40.4974472677162 38.8801160414764, 40.4974548121888 38.8801221875289, 40.4972956764548 38.8802283633899))"
189,BİNGÖL,MERKEZ,YENİŞEHİR,127822,856,221,140646040,71.79,71.79,71.79,TİCARET+KONUT ALANI,Bitişik Nizam 5 kat,15000,1076850,,"POLYGON ((40.4976432398817 38.886395480591, 40.4976006502258 38.8862840666735, 40.4976575994398 38.8862691244945, 40.4977076918977 38.8863798286978, 40.4976432398817 38.886395480591))"
190,BİNGÖL,MERKEZ,YUKARIAKPINAR,127828,301,1,140650186,298.73,298.73,298.73,KONUT ALANI,"Ayrık nizam 4 kat E:1,60",,500000,6900000,"POLYGON ((40.4939112633568 38.8782154646, 40.4938422533674 38.8782055083062, 40.4939402768537 38.8781309317214, 40.494008797198 38.8779090634892, 40.4941700425194 38.8779420161418, 40.4941747810392 38.8779520745148, 40.4939112633568 38.8782154646))"
191,ŞIRNAK,MERKEZ,BAHÇELİEVLER,128729,504,95,140517394,683.3,683.3,683.3,KONUT ALANI,"Blok Nizam, 4 Kat, E: 1.20",4600,3143180,6800000,"POLYGON ((42.4372442596948 37.5120340807678, 42.437351481363 37.5118752745762, 42.43739760145 37.5118640266632, 42.437499999786 37.5119068195813, 42.437635664504 37.5119635134823, 42.437619088958 37.5119921981793, 42.4375587626244 37.512096590443, 42.4374966352079 37.5121851384835, 42.4374121242306 37.5121325014654, 42.4373362969578 37.5120852729113, 42.4372442596948 37.5120340807678))"
192,ŞIRNAK,MERKEZ,YEŞİLYURT,128734,701,7,140521602,601.78,601.78,601.78,KONUT ALANI,"E: 0.90, BL-3 Kat
18.Madde Uygulamasına tabidir.",3300,1985874,1985874,"POLYGON ((42.453880614358 37.5140594563743, 42.453912040486 37.5139984676692, 42.4539194874741 37.514077355741, 42.4539442416428 37.514339585925, 42.4539442588835 37.5143398051065, 42.4539556164608 37.5144601192574, 42.453777287831 37.5144147795212, 42.453735453338 37.5143343200183, 42.453729235123 37.5143199942182, 42.453725392214 37.5143050380192, 42.453723924531 37.5142899018962, 42.453724718952 37.5142746759323, 42.453728001621 37.5142597205323, 42.453733546295 37.5142452158603, 42.453741352958 37.5142312520113, 42.453827782243 37.5141308958373, 42.453855951292 37.5140959421113, 42.453880614358 37.5140594563743))"
193,ŞIRNAK,MERKEZ,YEŞİLYURT,128734,705,153,140520492,321.82,321.82,321.82,TİCARET+KONUT ALANI,"B-6
18.Madde Uygulamasına tabidir.",4200,1351644,1351644,"POLYGON ((42.4546849244 37.5062726514842, 42.454706952841 37.5061875722152, 42.454712432404 37.5061664087632, 42.454949580701 37.5062029218162, 42.455010218385 37.5060767047722, 42.455070720222 37.5060915766183, 42.455072116953 37.5060993419513, 42.454940549436 37.5062500282533, 42.454908397985 37.5062868516902, 42.454855912356 37.5063031428782, 42.4548467722273 37.506301550465, 42.4546849244 37.5062726514842))"
194,ŞIRNAK,MERKEZ,YEŞİLYURT,128734,705,154,140521485,198.61,198.61,198.61,KONUT ALANI,"E: 1.20, A-3 Kat
18.Madde Uygulamasına tabidir.",3700,734857,,"POLYGON ((42.455361999351 37.5063858564062, 42.455377221963 37.5063960061242, 42.455268750344 37.5063766837913, 42.455005591004 37.5063298060742, 42.4549923936047 37.5063028218222, 42.4551003326494 37.5061838888354, 42.455145571803 37.5061880760473, 42.455162170403 37.5063516904222, 42.455361999351 37.5063858564062))"
195,AKSARAY,ORTAKÖY,ÇANKAYA,206654,1692,1,140234345,1719.38,1719.38,1719.38,KONUT ALANI + YOL,"E=0.20, Yençok =6.50 m",2440,4195287.2,,"POLYGON ((34.038860531574 38.719827773895, 34.038321338509 38.719496012426, 34.03853188565 38.719295215337, 34.039071022213 38.719627249985, 34.038860531574 38.719827773895))"
196,AKSARAY,ORTAKÖY,ÇANKAYA,206654,1693,1,140233362,1975.77,1975.77,1975.77,KONUT ALANI + PARK + YOL,"Ayrık Nizam 2 Katlı Taks=0.20, Kaks=0.40",1670,3299535.9,,"POLYGON ((34.038620233026 38.721963390306, 34.03829248366 38.721568835795, 34.03835275556 38.721487467419, 34.039124100888 38.721549145219, 34.039129544907 38.721560909794, 34.038620233026 38.721963390306))"
197,AKSARAY,ORTAKÖY,ÇANKAYA,206654,1694,1,140235903,2032.87,2032.87,2032.87,KONUT ALANI + YOL,"E=0.20, Yençok=6.50 m",2450,4980531.5,,"POLYGON ((34.040882459398 38.719845368895, 34.040208382051 38.719428567248, 34.040231757509 38.71936352345, 34.040907926149 38.719343289272, 34.040942153096 38.719787029142, 34.040882459398 38.719845368895))"
198,ANKARA,POLATLI,BEYCEĞİZ,44339,101,6,140734264,1461.54,1461.54,1461.54,KONUT ALANI,"Nizam, 2 kat, TAKS=0.15 ve KAKS= 0.30
 (18. Madde Uygulamasına Tabidir.)",1300,1900002,3600000,"POLYGON ((32.1616602024323 39.6456313138275, 32.1616059658231 39.6456944186635, 32.1613687208894 39.6458718465986, 32.1613114556951 39.6458770171882, 32.1611579229096 39.64582736306, 32.1611246191423 39.6458164047163, 32.1610914362312 39.6458050869733, 32.1610584895806 39.6457935007303, 32.1610257802792 39.6457815559296, 32.1609931907467 39.6457693417877, 32.1609770734443 39.6457630108311, 32.1612554851612 39.6455725512537, 32.1614865762453 39.6454222789532, 32.1615103278664 39.6454620793251, 32.1616602024323 39.6456313138275))"
199,ANKARA,POLATLI,HACITUĞRUL,44342,141827,1,140752737,6890.65,6890.65,6890.65,TİCARET ALANI,"E=0,50 ve Hmax=9,50 m ",900,6201585,,"POLYGON ((32.1930786958928 39.697197112454, 32.193893805899 39.6970736194428, 32.1939723509296 39.6971067680926, 32.1940130502526 39.6971861276017, 32.1939800790939 39.6972442609094, 32.1926680903765 39.6976357575742, 32.1922416390656 39.6977629363608, 32.192165675772 39.6977383606743, 32.1918975364499 39.6972169104379, 32.1919343869671 39.6971761872602, 32.1930786958928 39.697197112454))"
200,ANKARA,POLATLI,SAPANCA,137435,140104,9,140733880,1037.45,1037.45,1037.45,GELİŞME KONUT ALANI,"Ayrık Nizam, 2 Kat, E:0,50",1000,1037450,1037450,"POLYGON ((32.264000784039 39.3611581371568, 32.2640762163038 39.3611260648844, 32.2642943354621 39.3610380129847, 32.264300633498 39.3610356638818, 32.2644759462 39.3612743055559, 32.2644631587034 39.3612797272972, 32.264253693545 39.3614179105188, 32.263954544537 39.3612290904358, 32.264000784039 39.3611581371568))"
201,ANKARA,POLATLI,YENİDOĞAN,44696,118,31,140736899,326.74,326.74,326.74,AKARYAKIT TESİS ALANI," E:0.20, Yençok:6.50 m
118 Ada 30 parsel ile tevhit edildiği takdirde yapılaşma izni alınabilecektir.",3000,980220,1600000,"POLYGON ((32.2617445724999 39.6954034115408, 32.2620656205413 39.6949722937303, 32.2621690625174 39.6950471060067, 32.2617445724999 39.6954034115408))"
202,ANKARA,SİNCAN,PINARBAŞI,123350,463,3,140736452,385.34,385.34,385.34,KONUT ALANI,"Ayrık Nizam 5 Kat TAKS:0,40 KAKS:2,00",37000,14257580,,"POLYGON ((32.575752689946 39.947173784196, 32.5759123602255 39.9475811785847, 32.5757075538742 39.9475672815689, 32.575752689946 39.947173784196))"
203,ANKARA,SİNCAN,TATLAR,123357,109,6,140723524,1050.08,1050.08,1050.08,KONUT ALANI," E:0,60, Yençok: 6,50 m
Taşınmazın bulunduğu bölgede yürürlükteki imar
planları ile parselasyon planı arasında uyumsuzluk bulunmakta olup, parselasyon planının yürürlüğe girmesinin ardından yapılaşabilecektir.",2200,2310176,4100000,"POLYGON ((32.4724508875392 39.9064102819061, 32.47279225978 39.9063476196413, 32.4728811178798 39.9066553177357, 32.4725398611273 39.9067179807812, 32.4724508875392 39.9064102819061))"
204,ANKARA,SİNCAN,TATLAR,123357,110,6,140713987,1050.18,1050.18,1050.18,KONUT ALANI," E:0,60, Yençok: 6,50 m
Taşınmazın bulunduğu bölgede yürürlükteki imar
planları ile parselasyon planı arasında uyumsuzluk bulunmakta olup, parselasyon planının yürürlüğe girmesinin ardından yapılaşabilecektir.
Taşınmazın 80 m² alana sahip muhtarlık binası olarak kullanılan betonarme yapı ve yaklaşık 50 m² alana sahip atıl durumda bulunan betonarme yapı bulunmaktadır.",2200,2310396,4600000,"POLYGON ((32.4732473440864 39.9062640380103, 32.4733362034325 39.9065718258327, 32.472994948185 39.9066344001641, 32.4729059726612 39.9063267016211, 32.4732473440864 39.9062640380103))"
205,ANKARA,SİNCAN,TEMELLİ/GAZİ,204979,38,26,140724103,539.95,539.95,539.95,KONUT ALANI,"Ayrık Nizam 5 Kat TAKS:0,35 KAKS:1.75
Taşınmaz tek başına yapılaşamayacak olup, tevhid şartı bulunmaktadır.",7300,3941635,,"POLYGON ((32.3525382147126 39.7315299873235, 32.3524841970995 39.7317680868967, 32.3524157075171 39.7317311442882, 32.3523822192646 39.7316993859805, 32.3523807174531 39.7316846950932, 32.3523768761167 39.7316471186852, 32.3525028635269 39.7312477833566, 32.3525977481249 39.7312757969241, 32.3525382147126 39.7315299873235))"
206,ANKARA,SİNCAN,TEMELLİ/GAZİ,204979,222,14,140723799,849.04,849.04,849.04,KONUT ALANI,"Ayrık Nizam 2 Kat TAKS:0,15 KAKS:0.30",2750,2334860,,"POLYGON ((32.3499628914756 39.748687728983, 32.3506794893596 39.7485416041364, 32.3507298707668 39.7485689053642, 32.3507217481549 39.7487382709092, 32.3503139560869 39.7487266215946, 32.3499401076571 39.7487159716006, 32.3499628914756 39.748687728983))"
207,ANKARA,SİNCAN,TEMELLİ/HÜRRİYET,181632,462,10,140723667,625.03,625.03,625.03,KONUT ALANI,"Ayrık Nizam 3 Kat TAKS:0,25 KAKS:0.75",4000,2500120,,"POLYGON ((32.371900704601 39.7193811644358, 32.3716642536142 39.7193993404893, 32.3716284008716 39.7191215653522, 32.3718599495798 39.7191037231356, 32.371900704601 39.7193811644358))"
208,ANKARA,SİNCAN,TEMELLİ/HÜRRİYET,181632,103512,1,140723890,2108.57,2108.57,2108.57,KONUT ALANI,"Ayrık Nizam 3 Kat TAKS:0,30 KAKS:0.90",4100,8645137,,"POLYGON ((32.379403589755 39.7173703759768, 32.3793519292546 39.7173538345724, 32.3792328619688 39.7170297354944, 32.3792447714953 39.7170079673667, 32.3792710707906 39.7169638708583, 32.3796055875497 39.71682447734, 32.37968099613 39.7168414633418, 32.379882044818 39.7171158864387, 32.379860649006 39.7171739544208, 32.379403589755 39.7173703759768))"
209,ANKARA,SİNCAN,TEMELLİ/İSTİKLAL,181634,55,17,140713700,877.78,877.78,877.78,TİCARET ALANI,"Ayrık Nizam 5 Kat TAKS:0,35 KAKS:1.75",10000,8777800,,"POLYGON ((32.363011676351 39.7316190210627, 32.3627637231934 39.7315431125913, 32.3626141752104 39.7314985244959, 32.362578495788 39.7314781366026, 32.3623089238136 39.7313303245862, 32.3623090225973 39.7313302176464, 32.362433768735 39.7312809852087, 32.363066287019 39.7315028664858, 32.363070451083 39.7315573787878, 32.363011676351 39.7316190210627))"
210,ANKARA,SİNCAN,TEMELLİ/MALIKÖY,44387,259,2,140723947,414.49,414.49,414.49,TİCARET ALANI,"E:0.75
Taşınmazın yapılaşma iznine ilişkin olarak ilgili Belediyesi ile görüşülmesi gerekmektedir.",4250,1761582.5,4550000,"POLYGON ((32.3724173468291 39.7883148574533, 32.372555269798 39.7882395599051, 32.3725837559151 39.7883066636595, 32.372642404308 39.7883762557405, 32.3726845011221 39.7884189833828, 32.3727293179613 39.78844952259, 32.3727066381897 39.7885399073504, 32.3726901335417 39.7886028430164, 32.3724173468291 39.7883148574533))"
211,ANKARA,SİNCAN,TEMELLİ/MALIKÖY,44387,103513,1,140722959,738.46,738.46,738.46,KONUT DIŞI KENTSEL ÇALIŞMA ALANI,"E:0.50, Yençok:3 Kat
Taşınmazın yapılaşma iznine ilişkin olarak ilgili Belediyesi ile görüşülmesi gerekmektedir.",3850,2843071,,"POLYGON ((32.3650862242256 39.7949168614598, 32.3657677696221 39.7945413025138, 32.3657330489513 39.7947045368015, 32.3656753574424 39.7947369885561, 32.3654372362812 39.7948634962098, 32.3653345141939 39.7949135127224, 32.3652918116834 39.7949324961514, 32.3650862242256 39.7949168614598))"
212,ANKARA,SİNCAN,TEMELLİ/MALIKÖY,44387,103514,1,140712419,1278.75,1278.75,1278.75,KONUT DIŞI KENTSEL ÇALIŞMA ALANI,"E:0.50, Yençok:3 Kat
Taşınmazın yapılaşma iznine ilişkin olarak ilgili Belediyesi ile görüşülmesi gerekmektedir.",3750,4795312.5,,"POLYGON ((32.3661737096941 39.7942996906766, 32.3675152304622 39.7935159765313, 32.3671595488158 39.7938006589212, 32.3670369574322 39.7938720558326, 32.3668789120738 39.7939597775656, 32.3668025635587 39.7941175382762, 32.3664117385085 39.7943311124512, 32.3661737096941 39.7942996906766))"
213,ANKARA,SİNCAN,TEMELLİ/MALIKÖY,44387,103515,1,140724090,446.72,446.72,446.72,KÜÇÜK SANAYİ ALANI,"Blok Nizam, 2 Kat
Taşınmazın yapılaşma iznine ilişkin olarak ilgili Belediyesi ile görüşülmesi gerekmektedir.",3650,1630528,,"POLYGON ((32.3653624338951 39.7922301188148, 32.3653351906282 39.7922003970636, 32.3653407747526 39.7921752907141, 32.3663070481469 39.7916482043057, 32.366325483949 39.7916672235798, 32.3653624338951 39.7922301188148))"
214,ANKARA,SİNCAN,TEMELLİ/MALIKÖY,44387,103516,1,140716202,281.87,281.87,281.87,KONUT DIŞI KENTSEL ÇALIŞMA ALANI,"E:0.50, Yençok:3 Kat
Taşınmazın yapılaşma iznine ilişkin olarak ilgili Belediyesi ile görüşülmesi gerekmektedir.",3900,1099293,1099293,"POLYGON ((32.362034533486 39.7957157429738, 32.362013454891 39.7957098632447, 32.36199829599 39.7956950996458, 32.362001826524 39.7956667488357, 32.362241081202 39.7955376483348, 32.362335598194 39.7956449825748, 32.362338197137 39.7956543634868, 32.362034533486 39.7957157429738))"
215,ANKARA,SİNCAN,TEMELLİ/MALIKÖY,44387,103517,1,140723888,1414.72,1414.72,1414.72,TİCARET ALANI,"E:0.75
Taşınmazın yapılaşma iznine ilişkin olarak ilgili Belediyesi ile görüşülmesi gerekmektedir.",4150,5871088,,"POLYGON ((32.3728535980314 39.7870067571615, 32.3728444751614 39.7869968138396, 32.372939128191 39.7869451578588, 32.37303652788 39.7868378760418, 32.373043542287 39.7867981054627, 32.373019065867 39.7867422237677, 32.372702392246 39.7864024151717, 32.372702931812 39.7863944023657, 32.37271734151 39.7863759268468, 32.372746889943 39.7863615858608, 32.373128410385 39.7863600401547, 32.373197408113 39.7863982389817, 32.3732155156482 39.7864491692831, 32.3732003379002 39.7865171311872, 32.3731239305666 39.7868592594875, 32.3728535980314 39.7870067571615))"
216,ANKARA,SİNCAN,TEMELLİ/MALIKÖY,44387,103518,1,140723896,331.96,331.96,331.96,KONUT DIŞI KENTSEL ÇALIŞMA ALANI,"E:0.50, Yençok:3 Kat
Taşınmazın yapılaşma iznine ilişkin olarak ilgili Belediyesi ile görüşülmesi gerekmektedir.",3900,1294644,1294644,"POLYGON ((32.372139228473 39.7898682207418, 32.372008502433 39.7897237704818, 32.372297565082 39.7895697037058, 32.372302817216 39.7895827013888, 32.372213604018 39.7897645989367, 32.372139228473 39.7898682207418))"
217,ANKARA,SİNCAN,YENİKENT/ÇOĞLU,123335,11,5,140723444,262.83,262.83,262.83,KONUT ALANI,"Ayrık Nizam 2 Kat, TAKS: 0,25 ve KAKS (Emsal): 0,50
Taşınmazın yapılaşma iznine ilişkin olarak ilgili Belediyesi ile görüşülmesi gerekmektedir.",7000,1839810,2800000,"POLYGON ((32.5415414672082 40.0112450001022, 32.5417597601751 40.0111578802191, 32.5418968565687 40.0113571680923, 32.5415414672082 40.0112450001022))"
218,ANKARA,SİNCAN,YENİKENT/MUSTAFAKEMAL,204980,563,12,140718803,682.58,682.58,682.58,KONUT ALANI,"Ayrık Nizam 5 Kat TAKS:0,35 KAKS:1.75 ",28000,19112240,40200000,"POLYGON ((32.5163398243197 40.0017977181874, 32.5165020001687 40.0016672120292, 32.5167962508654 40.0018260333027, 32.5165916619123 40.0019882159737, 32.5163398243197 40.0017977181874))"
219,ESKİŞEHİR,ODUNPAZARI,71 EVLER,205815,16759,128,140550166,7637.62,7637.62,7637.62,TOPLU İŞYERİ ALANI,"E:1,00 Yençok: 2 Kat
18.madde uygulamasına tabidir.",12250,93560845,,"POLYGON ((30.5766592678948 39.7593707038539, 30.5774814507069 39.7595351333584, 30.577645379494 39.7598040793527, 30.577366078109 39.7603990866757, 30.576393884897 39.7599798030698, 30.5766592678948 39.7593707038539))"
220,ESKİŞEHİR,ODUNPAZARI,71 EVLER,205815,16759,129,140549199,7300.32,7300.32,7300.32,TOPLU İŞYERİ ALANI,"E:1,00 Yençok: 2 Kat
18.madde uygulamasına tabidir.",12250,89428920,,"POLYGON ((30.5777746422572 39.7595286413962, 30.5775254296432 39.7594788023794, 30.576991015317 39.7586092007397, 30.577068531993 39.7584312974377, 30.5770837348324 39.7583898259766, 30.577094231767 39.7583926218818, 30.5773149315566 39.7584509206969, 30.5786823272273 39.7588241404101, 30.5786925623901 39.7588285761379, 30.5787003445083 39.7588353341632, 30.578704802146 39.7588436953678, 30.5787054361451 39.7588527234817, 30.5787017981191 39.7588772182079, 30.578150881765 39.7587268181138, 30.5777746422572 39.7595286413962))"
221,ESKİŞEHİR,ODUNPAZARI,71 EVLER,205815,16759,130,140549302,2449.89,2449.89,2449.89,TOPLU İŞYERİ ALANI,"E:1,00 Yençok: 2 Kat
18.madde uygulamasına tabidir.",13300,32583537,,"POLYGON ((30.5766853686701 39.7593107975186, 30.57696021527 39.7586799647328, 30.5774362445266 39.7594609664629, 30.5766853686701 39.7593107975186))"
222,ESKİŞEHİR,ODUNPAZARI,71 EVLER,205815,16759,131,140549118,129.86,129.86,129.86,TOPLU İŞYERİ ALANI,"E:1,00 Yençok: 2 Kat
18.madde uygulamasına tabidir.",14000,1818040,,"POLYGON ((30.5775710883806 39.7595530973565, 30.5777466882577 39.7595882148116, 30.57768000528 39.7597303240107, 30.5775710883806 39.7595530973565))"
223,ESKİŞEHİR,ODUNPAZARI,71 EVLER,205815,16795,102,140549236,1030.31,1030.31,1030.31,"TİCARET+KONUT ALANI + 
KONUT ALANI","E:2,00 Yençok:8 Kat
18.madde uygulamasına tabidir.",11550,11900080.5,,"POLYGON ((30.5793790005029 39.7557153528425, 30.5790486116818 39.7556439930012, 30.5788062153724 39.7552468961979, 30.578920835514 39.7552036060108, 30.579140214467 39.7556120945118, 30.5791603943156 39.7556055108546, 30.579323945913 39.7555521522958, 30.57950675662 39.7554925100798, 30.579535287516 39.7555467466748, 30.579576782773 39.7556258547972, 30.5793790005029 39.7557153528425))"
224,ESKİŞEHİR,ODUNPAZARI,71 EVLER,205815,16795,103,140551853,171.72,171.72,171.72,KONUT ALANI,"E:2,00 Yençok:8 Kat
18.madde uygulamasına tabidir.",10150,1742958,1742958,"POLYGON ((30.5777020423656 39.7556115436536, 30.577875620184 39.7555291731457, 30.577873118674 39.7555381508338, 30.577817142115 39.7557390449367, 30.57778165334 39.7557493637058, 30.577740823105 39.7556662524458, 30.577717771391 39.7556274818838, 30.5777020423656 39.7556115436536))"
225,ESKİŞEHİR,ODUNPAZARI,71 EVLER,205815,16795,104,140549646,1245.77,1245.77,1245.77,KONUT ALANI,"E:1,20 Yençok:4 Kat
18.madde uygulamasına tabidir.",8400,10464468,10464468,"POLYGON ((30.5775979778113 39.7555340585002, 30.577587873568 39.7555284792107, 30.577730877823 39.7552464587737, 30.577806617654 39.7550520818458, 30.578016470979 39.7551138122917, 30.578178949155 39.7551615480868, 30.578214922313 39.7552353122228, 30.5782172923518 39.7552401641577, 30.5775979778113 39.7555340585002))"
226,ESKİŞEHİR,ODUNPAZARI,71 EVLER,205815,16795,105,140560224,188.49,188.49,188.49,KONUT ALANI,"E:2,00 Yençok:8 Kat
18.madde uygulamasına tabidir.",10150,1913173.5,1913173.5,"POLYGON ((30.5780579242007 39.7554426611732, 30.5782676022757 39.7553431582807, 30.578268465143 39.7553449247338, 30.578321890708 39.7554544477367, 30.578342430188 39.7554965858617, 30.57807051774 39.7554450481437, 30.5780579242007 39.7554426611732))"
227,ESKİŞEHİR,ODUNPAZARI,71 EVLER,205815,16797,12,140549209,91.48,91.48,91.48,KONUT ALANI,"E:2,00 Yençok:8 Kat
18.madde uygulamasına tabidir.",10150,928522,1300000,"POLYGON ((30.5799764959252 39.7548598616042, 30.580030823333 39.7549577752967, 30.579897594212 39.7549471760727, 30.5798682967492 39.7548939577227, 30.5799764959252 39.7548598616042))"
228,ESKİŞEHİR,ODUNPAZARI,EMEK,205818,17266,23,140552539,529.99,529.99,529.99,KONUT ALANI," Ayrık Nizam, 4 kat E:1,20",12000,6359880,14200000,"POLYGON ((30.566327580511 39.7566737155848, 30.566309299084 39.7566927184238, 30.566210241667 39.7568367652368, 30.566174686793 39.7568696322548, 30.5659964834677 39.7566970406807, 30.566171837277 39.7565358459368, 30.566262246784 39.7566182841198, 30.566327580511 39.7566737155848))"
229,KARAMAN,MERKEZ,AKÇAŞEHİR,126345,192,2,140257379,1256.62,1256.62,1256.62,KONUT ALANI,"Ayrık Nizam, 2 Kat, TAKS: 0.25, KAKS(E): 0.50
Doğu yönde kapanan yolun (~373m2) taşınmaz ile tevhidi yapılacaktır.",1250,1570775,1570775,"POLYGON ((33.49972293867 37.437062005093, 33.499720986602 37.43751525191, 33.499428871091 37.437506201359, 33.499435783945 37.43714383724, 33.499468526014 37.437079880314, 33.499520820819 37.437059425438, 33.49972293867 37.437062005093))"
230,KARAMAN,MERKEZ,KIRBAĞI,126321,5707,1,140254739,1042.76,1042.76,1042.76,KONUT ALANI,"Yençok: 21,50m, KAKS(E): 1,00
18.madde uygulamasına tabidir.",5225,5448421,11400000,"POLYGON ((33.273479213209 37.158553633187, 33.273678040316 37.158879822894, 33.273559160783 37.159053385395, 33.273286485749 37.159078366783, 33.273479213209 37.158553633187))"
231,KARAMAN,MERKEZ,MEHMETBEY,126327,1175,115,140254527,383.22,383.22,383.22,KONUT ALANI,"Ayrık Nizam, 3 Kat, TAKS: 0.30, KAKS(E): 0.90",12250,4694445,,"POLYGON ((33.212781378242 37.17417164704, 33.213120713052 37.174194825049, 33.21311461086 37.174307377689, 33.212795381139 37.174287079312, 33.212767040594 37.174258248157, 33.212781378242 37.17417164704))"
232,KARAMAN,MERKEZ,YENİŞEHİR,126332,4399,234,140254718,2326.69,2326.69,2326.69,KONUT+TİCARET ALANI,"Ayrık Nizam, 3 Kat, TAKS: 0.30, KAKS(E): 0.90",8000,18613520,22400000,"POLYGON ((33.219755849018 37.197071957645, 33.220092615044 37.196977426746, 33.220148463186 37.197002823481, 33.220318906588 37.197516929773, 33.220278866458 37.197574797303, 33.219970521114 37.197650123792, 33.219914446002 37.197501013934, 33.219862555881 37.197357843213, 33.219809088799 37.197214585286, 33.219755849018 37.197071957645))"
233,KARAMAN,MERKEZ,YENİŞEHİR,126332,4457,16,140254593,326.03,326.03,326.03,KONUT ALANI,"Ayrık Nizam, 3 Kat, TAKS: 0.30, KAKS(E): 0.90",7500,2445225,5500000,"POLYGON ((33.224609374371 37.197247721504, 33.224560859608 37.197166940798, 33.22458676742 37.197110755767, 33.22477286447 37.197044395256, 33.224843998019 37.197166150005, 33.224609374371 37.197247721504))"
234,KARAMAN,MERKEZ,YENİŞEHİR,126332,4458,16,140255758,901.29,901.29,901.29,KONUT ALANI,"Ayrık Nizam, 3 Kat, TAKS: 0.30, KAKS(E): 0.90",7200,6489288,6489288,"POLYGON ((33.223863395553 37.197519829279, 33.223811700462 37.197433564003, 33.223837179252 37.197378047935, 33.224360396577 37.197191476995, 33.224439688651 37.197214875358, 33.224488088029 37.197295359788, 33.224181374828 37.197405565794, 33.223863395553 37.197519829279))"
235,KAYSERİ,HACILAR,ARMUTLUK,132793,3913,7,140539754,431.61,431.61,431.61,KONUT ALANI,"Ayrık Nizam 3 Katlı Taks=0.30 Kaks=0.90
Taşınmazın yaklaşık 250 m² yoldan ihdası bulunmaktadır.",6500,2805465,,"POLYGON ((35.4644426507041 38.6517232921021, 35.4644196616825 38.6518244337778, 35.4640464595245 38.651759112136, 35.4640126894623 38.6517162928951, 35.4640324832882 38.6516537988771, 35.4640511470433 38.6516450294344, 35.4644426507041 38.6517232921021))"
236,KAYSERİ,HACILAR,ERCİYES,23777,3886,59,140538461,694.71,694.71,694.71,KONUT ALANI,"Ayrık Nizam 3 Katlı Taks=0.30 Kaks=0.90
18.madde uygulamasına tabidir.",3400,2362014,3600000,"POLYGON ((35.466482163617 38.6703528181714, 35.4665562933228 38.6706569366062, 35.4664298750664 38.6706936671657, 35.4663786539689 38.6705481270256, 35.4662815863604 38.670576041078, 35.4661793307489 38.6706012169456, 35.4661588993441 38.6704747581002, 35.4662982399073 38.6704184076122, 35.4663804956347 38.6703937744965, 35.466482163617 38.6703528181714))"
237,KAYSERİ,HACILAR,HACILAR,171446,159,6,140537599,1399.74,1399.74,1399.74,KONUT ALANI,"Ayrık Nizam 3 Katlı Taks=0.40 Kaks=1.20
Taşınmazın 159 Ada 5 parsel numaralı
taşınmaz ile tevhit şartı bulunmaktadır.",5000,6998700,,"POLYGON ((35.456390694389 38.647413028765, 35.4567660361067 38.6470809839492, 35.4570181904457 38.6472562580223, 35.4566510430599 38.6475825756784, 35.4566467032305 38.6475526717897, 35.456390694389 38.647413028765))"
238,KAYSERİ,KOCASİNAN,OYMAAĞAÇ,126287,5759,4,140537327,1148.96,1148.96,1148.96,KONUT ALANI,Ayrık Nizam 2 Katlı Taks=0.15 Kaks=0.30 ,4500,5170320,,"POLYGON ((35.3812944080424 38.7814141438988, 35.3815070428616 38.7811787057225, 35.3818298570543 38.7813791250585, 35.3815740258544 38.7816192004945, 35.3812944080424 38.7814141438988))"
239,KONYA,KADINHANI,TEPEBAŞI,23130,371,20,140751028,996.64,996.64,996.64,KONUT ALANI,"Ayrık Nizam 4 Kat , TAKS:0,25, E:1.00
18.madde uygulamasına tabidir.",3600,3587904,,"POLYGON ((32.2235042553362 38.2404749135349, 32.2235481233735 38.2404844706598, 32.223415021273 38.2405615683884, 32.2233822996007 38.2405784285471, 32.2233476719208 38.2405927260019, 32.2233114598941 38.2406043279417, 32.2232739998988 38.2406131265944, 32.2232592631381 38.240615398437, 32.2231275270894 38.2406197269891, 32.2231187451597 38.240619058493, 32.2230388111605 38.2406037944637, 32.2229668968261 38.2405880588056, 32.2229210977846 38.2405352246294, 32.222951978383 38.2403544015672, 32.2229789926915 38.2403603326969, 32.2230836110792 38.2403831229403, 32.2231886863831 38.2404060031707, 32.2232415666973 38.2404175333299, 32.2232938759665 38.2404289733857, 32.2233983803428 38.2404517633501, 32.2234512607247 38.2404632934154, 32.2235042553362 38.2404749135349))"
240,KONYA,KADINHANI,TEPEBAŞI,23130,371,21,140751257,1121.69,1121.69,1121.69,KONUT ALANI,"Ayrık Nizam 4 Kat , TAKS:0,25, E:1.00
18.madde uygulamasına tabidir.",3600,4038084,5400000,"POLYGON ((32.222766558181 38.2403139412078, 32.2228408757714 38.2403301539857, 32.222809493557 38.2405139126806, 32.2227571137577 38.2405421556415, 32.2222787321304 38.240437478133, 32.2223542532778 38.2402239856662, 32.2224533890979 38.2402456594421, 32.2225574360912 38.24026826999, 32.2226625110562 38.2402912407663, 32.2227136780203 38.240302410836, 32.222766558181 38.2403139412078))"
241,KONYA,KARATAY,İSMİL,127947,0,9130,140743563,3111.08,3111.08,3111.08,KONUT ALANI,"Serbest Nizam, 2 kat TAKS:0,20 KAKS:0,40
18.madde uygulamasına tabidir.
Taşınmaz üzerinde yapı/yapılar bulunmaktadır.",1015,3157746.2,3157746.2,"POLYGON ((33.0520452905612 37.7128216116423, 33.0519620381571 37.7126462308284, 33.0519498853967 37.7126206488286, 33.0519234207734 37.7125632691302, 33.0519134252219 37.7125411098369, 33.0518224440831 37.7123405954482, 33.0517924596911 37.7122770907137, 33.0519708582643 37.7121207854326, 33.0525702055739 37.7126722792459, 33.0525562574748 37.712728927952, 33.0519719217414 37.7129659110198, 33.0519042350363 37.7129549718164, 33.0518520960294 37.7129045851443, 33.0520452905612 37.7128216116423))"
242,KONYA,KARATAY,İSMİL,127947,0,9131,140746178,4053.54,4053.54,4053.54,KONUT ALANI,"Serbest Nizam, 2 kat TAKS:0,20 KAKS:0,40
18.madde uygulamasına tabidir.",980,3972469.2,3972469.2,"POLYGON ((33.0331619022202 37.711666295148, 33.0333087005444 37.7115020468751, 33.0334478558994 37.7112546932031, 33.0335293844387 37.7110516062861, 33.0341174289051 37.711320391205, 33.0341301421582 37.7113690600041, 33.0336796578644 37.7118502567879, 33.0335934001204 37.7118644078241, 33.0331619022202 37.711666295148))"
243,KONYA,KARATAY,İSMİL,127947,321,2,140748999,2575.04,2575.04,2575.04,KONUT ALANI,"Serbest Nizam, 2 kat TAKS:0,20 KAKS:0,40
18.madde uygulamasına tabidir.",1015,2613665.6,2613665.6,"POLYGON ((33.0523399409873 37.723697656754, 33.0518969066673 37.723615901431, 33.0518622585563 37.72375746088, 33.0517457551663 37.724233446877, 33.0516088683325 37.7241284433035, 33.0515783090753 37.7241042962467, 33.0515439909433 37.7234260710801, 33.0523784253761 37.7235660495903, 33.0523399409873 37.723697656754))"
244,KONYA,KARATAY,İSMİL,127947,421,36,140748163,2506.6,2506.6,2506.6,KONUT ALANI,"Serbest Nizam, 2 kat TAKS:0,30 KAKS:0,60
18.madde uygulamasına tabidir.
Taşınmaz üzerinde yapı/yapılar bulunmaktadır.",1155,2895123,,"POLYGON ((33.0524184907455 37.7180825012576, 33.0524283233453 37.718023669741, 33.0523923788613 37.7180166806621, 33.0523864571103 37.717986866603, 33.0522376554843 37.7177140794761, 33.0520956029293 37.7174452449681, 33.0521000397753 37.7174247459891, 33.0521023135172 37.7174196499066, 33.0527236749204 37.7175240120172, 33.0527416239857 37.7175451823821, 33.0526177146265 37.7180954807279, 33.052582189608 37.7181139058218, 33.0524184907455 37.7180825012576))"
245,KONYA,KARATAY,İSMİL,127947,421,37,140747588,5799.69,5799.69,5799.69,KONUT ALANI,"Serbest Nizam, 2 kat TAKS:0,30 KAKS:0,60
18.madde uygulamasına tabidir.
Taşınmaz üzerinde yapı/yapılar bulunmaktadır.",1155,6698641.95,,"POLYGON ((33.0526179067413 37.7190069787481, 33.0525980895023 37.7189287152821, 33.0525783388066 37.7188507142748, 33.0526999155617 37.7182595196209, 33.0527367885706 37.7182402773003, 33.053529226589 37.7183985904433, 33.0535545475381 37.7184325291138, 33.0534035220913 37.7188938418681, 33.0529982485273 37.7188102016181, 33.0529023286663 37.7191625912051, 33.0528880894423 37.719214902853, 33.0528848767623 37.7192995959821, 33.0526359257575 37.7192315332613, 33.0526179067413 37.7190069787481))"
246,KONYA,KARATAY,İSMİL,127947,422,3,140748124,13076.96,13076.96,13076.96,KONUT ALANI,"Serbest Nizam, 2 kat TAKS:0,30 KAKS:0,60
18.madde uygulamasına tabidir.",1015,13273114.4,,"POLYGON ((33.0523187074153 37.7168150133551, 33.0522571020536 37.7165516422095, 33.0529384617239 37.7164737523442, 33.0534772794111 37.7164130986722, 33.0535335532694 37.7164453900016, 33.0537248458456 37.7172857290523, 33.0537974759172 37.7175983527938, 33.053747961422 37.7176349803625, 33.0529325374749 37.717467017481, 33.0526027800201 37.7174116326345, 33.0524524577916 37.7173863857871, 33.0524507816333 37.7173792274431, 33.0524407922273 37.7173365658081, 33.0523871612193 37.7171074900011, 33.0523187074153 37.7168150133551))"
247,KONYA,KARATAY,İSMİL,127947,424,3,140745794,7993.12,7993.12,7993.12,KONUT ALANI,"Serbest Nizam, 2 kat TAKS:0,30 KAKS:0,60
18.madde uygulamasına tabidir.
Taşınmaz üzerinde yapı/yapılar bulunmaktadır.",1155,9232053.6,,"POLYGON ((33.053477023726 37.7162498353269, 33.0534333776722 37.7163088615862, 33.0529193688729 37.7163667225118, 33.0524333231421 37.716422284653, 33.052236211788 37.716444817354, 33.0522355374323 37.7164409706041, 33.0520516316153 37.7159709524341, 33.0519664876863 37.7157531143801, 33.0519578300064 37.7157342666839, 33.052181663081 37.7157492282334, 33.0522193433138 37.715746750325, 33.0526178604801 37.7157205432353, 33.0530205146077 37.7156940640934, 33.0530894314829 37.7157202293345, 33.053401908413 37.7160857766729, 33.0534797213053 37.7162461871616, 33.053477023726 37.7162498353269))"
248,KONYA,KARATAY,İSMİL,127947,458,3,140748148,5357.9,5357.9,5357.9,KONUT ALANI,"Serbest Nizam, 2 kat TAKS:0,30 KAKS:0,60
18.madde uygulamasına tabidir.
Taşınmaz üzerinde yapı/yapılar bulunmaktadır.",1155,6188374.5,,"POLYGON ((33.052940366834 37.7156270223886, 33.0521817238101 37.7156769116841, 33.0520321120419 37.7156669112185, 33.0519212640202 37.7156595021838, 33.0519192422693 37.7156502614691, 33.0518614407993 37.7153860702221, 33.0518385720843 37.7153054305762, 33.0518206568093 37.7152629846, 33.0518142723563 37.7152642307491, 33.0517655667623 37.7151758756931, 33.0517458142433 37.7151334575401, 33.0517350054263 37.7151330388261, 33.0516859544923 37.7151350514901, 33.0514992332538 37.7151428738193, 33.0515002064033 37.7151380014711, 33.0515106484683 37.7150542658742, 33.0515047928183 37.7149674326421, 33.0515020520653 37.7148880985711, 33.0515843093273 37.7148831901211, 33.0515816623535 37.7148441969086, 33.0516367584893 37.7148408561731, 33.0516943384663 37.7149754764661, 33.0517296030173 37.7150622967881, 33.0517365654263 37.7150794380151, 33.0520666255543 37.715057641087, 33.0520346997903 37.7148169775461, 33.0522772811744 37.7148024567717, 33.0523214880185 37.7148194327691, 33.0525099096607 37.7150403868404, 33.0520942793894 37.7150878713295, 33.0520954005758 37.7153940178529, 33.0527238732287 37.7152915699777, 33.0529690301666 37.7155793781315, 33.052940366834 37.7156270223886))"
249,KONYA,KARATAY,İSMİL,127947,538,17,140747324,638.61,638.61,638.61,KONUT ALANI,"Serbest Nizam, 2 kat TAKS:0,20 KAKS:0,40
18.madde uygulamasına tabidir.
Taşınmaz üzerinde yapı/yapılar bulunmaktadır.",1155,737594.55,,"POLYGON ((33.0466631970633 37.7104603725821, 33.0466694168343 37.7104368463612, 33.0466785746083 37.7104097684721, 33.0467729186643 37.7104300536321, 33.0471801092753 37.7105223305632, 33.0472232103123 37.7105321338431, 33.0474608113793 37.7100171380951, 33.0471663819313 37.7107035151962, 33.0471019711908 37.7107451835847, 33.0471483341373 37.7106667186112, 33.0466631970633 37.7104603725821))"
250,KONYA,KARATAY,İSMİL,127947,538,18,140745084,1070.85,1070.85,1070.85,KONUT ALANI,"Serbest Nizam, 2 kat TAKS:0,20 KAKS:0,40
18.madde uygulamasına tabidir.
Taşınmaz üzerinde yapı/yapılar bulunmaktadır.",1015,1086912.75,1086912.75,"POLYGON ((33.0464007139039 37.7099414676645, 33.046411975864 37.7098991106364, 33.0464932257662 37.709707029271, 33.0465105547872 37.7097117411234, 33.0469318848165 37.7098263029728, 33.0468568475243 37.7100459709001, 33.0468516656683 37.7100423727712, 33.0467856950383 37.7100224694241, 33.0464745292823 37.7099548662761, 33.0464361807373 37.7099463221331, 33.0464007139039 37.7099414676645))"
251,KONYA,KARATAY,İSMİL,127947,540,7,140746093,1397.42,1397.42,1397.42,KONUT ALANI,"Serbest Nizam, 2 kat TAKS:0,20 KAKS:0,40
18.madde uygulamasına tabidir.",1015,1418381.3,1850000,"POLYGON ((33.0457910951103 37.7097917106551, 33.0458147092743 37.7097017215731, 33.0458580131493 37.7095366981692, 33.0458688194721 37.7095397791419, 33.0464181283826 37.7096866120247, 33.0463352703931 37.7098824945626, 33.0463256606573 37.7099152391982, 33.0457910951103 37.7097917106551))"
252,KONYA,KARATAY,İSMİL,127947,5197,7,140741856,6362.53,6362.53,6362.53,KONUT ALANI,"Serbest Nizam, 2 kat TAKS:0,20 KAKS:0,40
18.madde uygulamasına tabidir.",980,6235279.4,6235279.4,"POLYGON ((33.0338839014574 37.7104040231931, 33.0339724020914 37.7102413858762, 33.0340402202714 37.7101033902882, 33.0340432547474 37.7100964525071, 33.0341910184094 37.7097586158842, 33.03465385945 37.7100167895354, 33.0350882740522 37.7102599500111, 33.0351049808497 37.7103389877073, 33.0347668583473 37.7107118774371, 33.034744588773 37.71071612984, 33.0346750776364 37.7107294030781, 33.0338828651126 37.710405927676, 33.0338839014574 37.7104040231931))"
253,KONYA,KARATAY,İSMİL,127947,5253,1,140742520,5472.35,5472.35,5472.35,KONUT ALANI,"Serbest Nizam, 2 kat TAKS:0,30 KAKS:0,60
18.madde uygulamasına tabidir.",1155,6320564.25,,"POLYGON ((33.0527277169575 37.7181185675137, 33.0528546136087 37.7175549984515, 33.0528699528486 37.7175471874487, 33.0537541778029 37.7177293221267, 33.0537753680813 37.7177579631932, 33.0536028355539 37.7182850192407, 33.0535500604312 37.7183098652099, 33.0527539531098 37.7181508189567, 33.0527277169575 37.7181185675137))"
254,KONYA,KARATAY,İSMİL,127947,5254,1,140748081,365.27,365.27,365.27,TİCARET ALANI,"Ayrık Nizam, E:0,30 Hmax:4,50 m.",2100,767067,,"POLYGON ((33.039941343385 37.7068871760263, 33.0399474811703 37.7068063866127, 33.0400278909377 37.7067569107615, 33.0401795871595 37.7068629729225, 33.0401732451426 37.7069816862367, 33.0401277133322 37.7070122010983, 33.039941343385 37.7068871760263))"
255,KÜTAHYA,EMET,DERE,142160,667,17,140747509,1139.74,1139.74,1139.74,KONUT+TİCARET ALANI,"Bitişik Nizam, 3 kat, Hmax: 9.50 m
Taşınmaz 15-16 madde uygulamasına tabidir.",3000,3419220,,"POLYGON ((29.2520346100696 39.3451534795511, 29.2520335026868 39.3451291948722, 29.2520330633039 39.3451195592975, 29.2525933311521 39.3451168623937, 29.2528541337656 39.3451156069948, 29.2529040897946 39.3451724220916, 29.252861460872 39.3452769673974, 29.252860595832 39.3452790888612, 29.2528200334249 39.3452684014118, 29.2527804542405 39.3453542041344, 29.2527611591772 39.3453490987587, 29.2520346100696 39.3451534795511))"
256,KÜTAHYA,GEDİZ,HACIBABA,146659,125,13,140746882,397.93,397.93,397.93,SANAYİ ALANI,"Hmax: 9,50, Emsal: 0,60",6000,2387580,,"POLYGON ((29.4034083693391 39.0038952469783, 29.403406336701 39.0038678368655, 29.4036468735709 39.0037657463143, 29.4039449030271 39.0036590047686, 29.4039815289015 39.0037599607811, 29.4034083693391 39.0038952469783))"
257,KÜTAHYA,MERKEZ,OKÇU,146872,214,9,140748032,579.2,579.2,579.2,KONUT ALANI," Ayrık Nizam, 3 Kat, TAKS: 0,30, KAKS: 0,90",10200,5907840,5907840,"POLYGON ((29.936334364678 39.4343106937368, 29.93609295327 39.4341285343708, 29.936307445632 39.4340208798988, 29.936409084572 39.4341071904128, 29.93651770535 39.4341994294948, 29.936334364678 39.4343106937368))"
258,KÜTAHYA,MERKEZ,OKÇU,146872,7294,1,140746778,1570.65,1570.65,1570.65,KONUT ALANI,"Ayrık Nizam, 2 Kat, TAKS: 0,20",8700,13664655,15000000,"POLYGON ((29.9310901390418 39.4346851870639, 29.9307999003385 39.4345221736209, 29.931139941813 39.4342181767908, 29.931250000101 39.4342322938878, 29.931503962045 39.4342648689848, 29.9314427424878 39.4343576146348, 29.9312500001016 39.4345366749542, 29.9310901390418 39.4346851870639))"
259,NEVŞEHİR,MERKEZ,ÇAT/15 TEMMUZ,205883,788,1,140730136,1954.08,1954.08,1954.08,KONUT ALANI,Ayrık Nizam 2 Kat Taks=0.25 Kaks=0.50,2400,4689792,,"POLYGON ((34.6459982285576 38.6740775307298, 34.6459183710692 38.6742165259308, 34.6454373074044 38.6744962971691, 34.6451647813373 38.6745172580855, 34.6450720483869 38.6744347865854, 34.645887233895 38.6739605267982, 34.6459982285576 38.6740775307298))"
260,NEVŞEHİR,MERKEZ,ÇAT/İSTİKLAL,207153,152,9,140729928,792.41,792.41,792.41,KONUT ALANI,Ayrık Nizam 2 Kat Taks=0.25 Kaks=0.50,2500,1981025,,"POLYGON ((34.6594659878284 38.6727669052659, 34.6593789766013 38.6725590930469, 34.6597624173764 38.672533852053, 34.6598315728414 38.672756502144, 34.6594659878284 38.6727669052659))"
261,NEVŞEHİR,MERKEZ,GÖRE ÇAYIRLIK,127801,668,1,140729816,794.48,794.48,794.48,TİCARET ALANI,"Bitişik Nizam, 2 Kat",4000,3177920,3177920,"POLYGON ((34.7205590045089 38.589890023642, 34.720494844995 38.5899470337775, 34.7202570896184 38.5899577134967, 34.7202213592318 38.5899133758941, 34.7204774500704 38.5895454905513, 34.72051948217 38.5895519777768, 34.7205323302357 38.5895762956482, 34.7205590045089 38.589890023642))"
262,NEVŞEHİR,MERKEZ,GÜZELYURT,205976,3893,1,140689214,688.61,688.61,688.61,TİCARET+KONUT ALANI,"Ayrık Nizam 5 Kat, Taks=0.30, Kaks= 1.50
18.Madde Uygulamasına tabidir.",15000,10329150,10329150,"POLYGON ((34.7475706410789 38.6341024669685, 34.7475140697038 38.6340567789945, 34.7475194754917 38.633766512384, 34.7476472748966 38.6338631049189, 34.7478084439355 38.6339951191169, 34.7479042215745 38.634083937981, 34.7479146128891 38.6341064074577, 34.7475706410789 38.6341024669685))"
263,NEVŞEHİR,MERKEZ,SÜMER,205973,1301,31,140671661,310.76,310.76,310.76,KONUT ALANI,Bitişik Nizam 4 Kat,8600,2672536,5400000,"POLYGON ((34.6993583165099 38.6172002351217, 34.6993584688503 38.6172000363603, 34.6994513501889 38.6170788522496, 34.6995526977579 38.6171238187397, 34.6996496839269 38.6171668927486, 34.6995557324049 38.6172874649856, 34.6993583165099 38.6172002351217))"